Date,soybean_open,soybean_high,soybean_low,soybean_close,soybean_meal_open,soybean_meal_high,soybean_meal_low,soybean_meal_close,usd_thb_open,usd_thb_high,usd_thb_low,usd_thb_close
2023-01-03,15.1925,15.2325,14.85,14.8725,475.6000061035156,480.1000061035156,471.0,476.7999877929688,34.4900016784668,34.4900016784668,34.27000045776367,34.4900016784668
2023-01-04,14.9175,14.9625,14.7725,14.7825,478.7000122070313,483.5,475.0,482.5,34.380001068115234,34.41999816894531,33.83599853515625,34.380001068115234
2023-01-05,14.8125,14.8125,14.62,14.6675,483.8999938964844,490.7999877929688,477.2000122070313,488.7000122070313,33.88800048828125,34.15999984741211,33.768001556396484,33.88800048828125
2023-01-06,14.7175,15.0325,14.7175,15.015,492.8999938964844,503.1000061035156,492.8999938964844,503.1000061035156,34.040000915527344,34.071998596191406,33.650001525878906,34.040000915527344
2023-01-09,15.06,15.13,15.02,15.035,503.1000061035156,503.1000061035156,494.7000122070313,496.7000122070313,33.62799835205078,33.70000076293945,33.36399841308594,33.62799835205078
2023-01-10,15.015,15.185,15.015,15.1,495.1000061035156,505.1000061035156,492.2000122070313,500.8999938964844,33.41699981689453,33.59600067138672,33.31399917602539,33.41699981689453
2023-01-11,15.1525,15.205,15.1,15.15,502.1000061035156,509.7999877929688,502.1000061035156,505.0,33.45000076293945,33.599998474121094,33.2599983215332,33.45000076293945
2023-01-12,15.115,15.4175,15.115,15.295,511.6000061035156,515.2999877929688,507.7000122070313,513.0,33.36199951171875,33.46099853515625,33.112998962402344,33.36199951171875
2023-01-13,15.25,15.3825,15.25,15.3825,516.5,516.5999755859375,513.0,513.0,33.10200119018555,33.189998626708984,32.90999984741211,33.10200119018555
2023-01-17,15.1875,15.41,15.125,15.3975,473.7000122070313,481.6000061035156,468.3999938964844,481.2000122070313,33.02000045776367,33.16999816894531,32.939998626708984,33.02000045776367
2023-01-18,15.37,15.485,15.1125,15.245,480.3999938964844,487.0,472.2999877929688,478.1000061035156,33.0,33.15999984741211,32.75600051879883,33.0
2023-01-19,15.235,15.285,15.09,15.1475,478.3999938964844,480.2999877929688,470.7999877929688,471.2000122070313,33.0,33.15999984741211,32.94599914550781,33.0
2023-01-20,15.1425,15.2175,15.04,15.065,471.2999877929688,473.5,462.8999938964844,463.7000122070313,32.880001068115234,32.92599868774414,32.70000076293945,32.880001068115234
2023-01-23,15.0,15.03,14.7975,14.9025,462.0,463.5,452.7999877929688,461.8999938964844,32.7130012512207,32.849998474121094,32.560001373291016,32.7130012512207
2023-01-24,14.915,15.065,14.87,14.885,462.5,472.3999938964844,458.6000061035156,459.7999877929688,32.709999084472656,32.880001068115234,32.689998626708984,32.709999084472656
2023-01-25,14.8825,15.0475,14.7825,15.025,459.7999877929688,467.3999938964844,454.7999877929688,465.5,32.77000045776367,32.880001068115234,32.69300079345703,32.77000045776367
2023-01-26,15.065,15.2625,15.0,15.235,467.3999938964844,478.2000122070313,465.2999877929688,477.1000061035156,32.73099899291992,32.849998474121094,32.59400177001953,32.73099899291992
2023-01-27,15.2175,15.27,15.065,15.095,477.1000061035156,481.7000122070313,471.2999877929688,473.5,32.779998779296875,32.941001892089844,32.7599983215332,32.779998779296875
2023-01-30,15.1625,15.38,15.1625,15.3525,475.7999877929688,490.2999877929688,475.2999877929688,488.7000122070313,32.76499938964844,32.790000915527344,32.65399932861328,32.76499938964844
2023-01-31,15.335,15.4375,15.245,15.38,489.1000061035156,489.2000122070313,480.5,484.2000122070313,32.7599983215332,33.071998596191406,32.72800064086914,32.7599983215332
2023-02-01,15.375,15.4275,15.1075,15.2025,483.2999877929688,487.7999877929688,479.0,484.7000122070313,32.8650016784668,32.95000076293945,32.779998779296875,32.8650016784668
2023-02-02,15.2275,15.3775,15.225,15.3425,484.8999938964844,493.6000061035156,484.8999938964844,491.7999877929688,32.72200012207031,32.99100112915039,32.650001525878906,32.72200012207031
2023-02-03,15.335,15.3975,15.2475,15.32,491.6000061035156,500.3999938964844,487.2999877929688,496.5,33.04999923706055,33.400001525878906,32.90999984741211,33.04999923706055
2023-02-06,15.32,15.355,15.1675,15.2125,498.0,500.0,487.3999938964844,489.0,33.53099822998047,33.80099868774414,33.42399978637695,33.53099822998047
2023-02-07,15.21,15.305,15.11,15.1525,489.0,490.2000122070313,479.2000122070313,481.3999938964844,33.75,33.75699996948242,33.547000885009766,33.75
2023-02-08,15.16,15.2775,15.0575,15.1975,481.5,487.8999938964844,477.7999877929688,481.8999938964844,33.50600051879883,33.612998962402344,33.400001525878906,33.50600051879883
2023-02-09,15.185,15.3375,15.12,15.1925,481.6000061035156,497.5,479.7000122070313,495.5,33.48500061035156,33.58000183105469,33.349998474121094,33.48500061035156
2023-02-10,15.18,15.4325,15.155,15.425,495.0,501.0,490.5,499.3999938964844,33.560001373291016,33.810001373291016,33.547000885009766,33.560001373291016
2023-02-13,15.42,15.555,15.37,15.4275,500.7999877929688,508.2000122070313,500.2999877929688,504.0,33.327999114990234,33.90999984741211,33.327999114990234,33.327999114990234
2023-02-14,15.42,15.4475,15.3275,15.375,503.0,506.1000061035156,499.3999938964844,501.0,33.790000915527344,33.93299865722656,33.685001373291016,33.790000915527344
2023-02-15,15.365,15.37,15.165,15.2575,501.0,501.7999877929688,490.5,491.1000061035156,33.849998474121094,34.470001220703125,33.84000015258789,33.849998474121094
2023-02-16,15.2525,15.3225,15.205,15.265,492.2000122070313,492.6000061035156,487.7999877929688,491.3999938964844,34.25899887084961,34.48500061035156,34.10599899291992,34.25899887084961
2023-02-17,15.26,15.3325,15.2425,15.2725,491.8999938964844,497.8999938964844,488.8999938964844,491.1000061035156,34.400001525878906,34.630001068115234,34.380001068115234,34.400001525878906
2023-02-21,15.365,15.49,15.35,15.4875,496.1000061035156,501.5,492.7000122070313,497.7000122070313,34.38600158691406,34.68299865722656,34.34400177001953,34.38600158691406
2023-02-22,15.4675,15.54,15.38,15.395,497.3999938964844,498.7999877929688,491.2000122070313,492.6000061035156,34.650001525878906,34.69499969482422,34.518001556396484,34.650001525878906
2023-02-23,15.3975,15.4525,15.3275,15.3425,492.6000061035156,494.5,490.1000061035156,493.1000061035156,34.650001525878906,34.7400016784668,34.470001220703125,34.650001525878906
2023-02-24,15.3625,15.4425,15.26,15.29,493.6000061035156,500.7999877929688,490.0,497.1000061035156,34.71200180053711,34.9900016784668,34.61800003051758,34.71200180053711
2023-02-27,15.295,15.335,15.1525,15.1825,497.6000061035156,501.6000061035156,495.3999938964844,498.7000122070313,34.93899917602539,35.15700149536133,34.90900039672852,34.93899917602539
2023-02-28,15.1825,15.1825,14.895,14.905,499.7999877929688,499.7999877929688,485.7000122070313,487.6000061035156,34.9900016784668,35.374000549316406,34.939998626708984,34.9900016784668
2023-03-01,14.915,15.095,14.915,15.0425,487.7999877929688,492.3999938964844,487.0,490.3999938964844,35.21099853515625,35.349998474121094,34.60699844360352,35.21099853515625
2023-03-02,15.045,15.265,15.015,15.1975,490.3999938964844,493.7999877929688,488.3999938964844,489.2999877929688,34.6879997253418,34.95100021362305,34.66600036621094,34.6879997253418
2023-03-03,15.195,15.37,15.1925,15.305,489.7000122070313,499.5,488.1000061035156,498.1000061035156,34.81999969482422,34.84000015258789,34.560001373291016,34.81999969482422
2023-03-06,15.2875,15.5,15.2375,15.41,496.5,509.7000122070313,496.5,507.8999938964844,34.53300094604492,34.64400100708008,34.380001068115234,34.53300094604492
2023-03-07,15.38,15.38,15.2375,15.2525,507.8999938964844,510.7999877929688,500.2000122070313,501.5,34.43299865722656,35.060001373291016,34.43000030517578,34.43299865722656
2023-03-08,15.2525,15.39,15.245,15.2675,502.3999938964844,506.0,496.5,498.3999938964844,35.05400085449219,35.18299865722656,34.89400100708008,35.05400085449219
2023-03-09,15.295,15.355,15.16,15.2,501.8999938964844,503.0,495.0,498.8999938964844,35.042999267578125,35.1349983215332,34.90999984741211,35.042999267578125
2023-03-10,15.15,15.2175,15.11,15.13,499.8999938964844,499.8999938964844,493.7000122070313,498.7999877929688,35.0,35.138999938964844,34.54899978637695,35.0
2023-03-13,15.2175,15.2475,15.0,15.0,502.0,502.0,492.2000122070313,492.2000122070313,34.584999084472656,34.72999954223633,34.41699981689453,34.584999084472656
2023-03-14,15.01,15.025,14.9975,14.9975,487.5,492.2000122070313,487.5,492.2000122070313,34.52000045776367,34.630001068115234,34.422000885009766,34.52000045776367
2023-03-15,14.94,15.0,14.8,14.8925,481.3999938964844,485.2999877929688,474.5,478.3999938964844,34.54199981689453,34.75,34.457000732421875,34.54199981689453
2023-03-16,14.8925,14.98,14.78,14.915,479.2000122070313,481.5,472.3999938964844,474.0,34.560001373291016,34.619998931884766,34.319000244140625,34.560001373291016
2023-03-17,14.925,14.98,14.7,14.765,474.7999877929688,475.8999938964844,463.7999877929688,466.0,34.43000030517578,34.43000030517578,34.00199890136719,34.43000030517578
2023-03-20,14.73,14.8775,14.62,14.86,465.0,468.0,457.5,462.7000122070313,34.05799865722656,34.16600036621094,33.97999954223633,34.05799865722656
2023-03-21,14.8375,14.97,14.65,14.67,462.0,468.3999938964844,459.7000122070313,460.6000061035156,34.0359992980957,34.43899917602539,34.00400161743164,34.0359992980957
2023-03-22,14.6775,14.72,14.4325,14.485,460.7000122070313,462.2999877929688,451.0,451.6000061035156,34.41299819946289,34.54999923706055,34.34299850463867,34.41299819946289
2023-03-23,14.5,14.5425,14.1525,14.195,453.1000061035156,455.2999877929688,437.3999938964844,438.2999877929688,34.209999084472656,34.220001220703125,33.9900016784668,34.209999084472656
2023-03-24,14.195,14.32,14.05,14.2825,439.7999877929688,446.6000061035156,435.0,445.1000061035156,34.029998779296875,34.279998779296875,34.027000427246094,34.029998779296875
2023-03-27,14.2875,14.455,14.2325,14.4225,445.2999877929688,447.5,439.6000061035156,446.0,34.189998626708984,34.470001220703125,34.150001525878906,34.189998626708984
2023-03-28,14.415,14.6975,14.3975,14.6775,445.0,458.7000122070313,444.7999877929688,457.8999938964844,34.40999984741211,34.41999816894531,34.198001861572266,34.40999984741211
2023-03-29,14.66,14.7975,14.625,14.7725,457.2999877929688,461.8999938964844,455.3999938964844,458.2000122070313,34.22999954223633,34.34600067138672,34.11399841308594,34.22999954223633
2023-03-30,14.765,14.835,14.71,14.745,458.0,465.0,456.7000122070313,459.8999938964844,34.16999816894531,34.34000015258789,34.13999938964844,34.16999816894531
2023-03-31,14.7325,15.1375,14.68,15.055,458.5,469.0,453.1000061035156,466.0,34.1150016784668,34.20000076293945,34.013999938964844,34.1150016784668
2023-04-03,15.1,15.2775,15.0975,15.22,463.8999938964844,467.5,459.3999938964844,464.2000122070313,34.279998779296875,34.4640007019043,34.15900039672852,34.279998779296875
2023-04-04,15.2,15.2375,15.055,15.175,464.0,464.0,454.2999877929688,457.3999938964844,34.20000076293945,34.303001403808594,34.02000045776367,34.20000076293945
2023-04-05,15.175,15.27,15.065,15.11,457.3999938964844,458.1000061035156,450.1000061035156,450.6000061035156,34.0099983215332,34.03200149536133,33.77399826049805,34.0099983215332
2023-04-06,15.1,15.1025,14.8325,14.925,450.6000061035156,455.3999938964844,445.3999938964844,454.2999877929688,33.939998626708984,34.15999984741211,33.93000030517578,33.939998626708984
2023-04-10,14.9325,14.9975,14.825,14.8725,454.2999877929688,457.8999938964844,449.1000061035156,450.7000122070313,34.16999816894531,34.40999984741211,34.167999267578125,34.16999816894531
2023-04-11,14.8775,15.075,14.8625,14.9725,451.6000061035156,459.7000122070313,451.2999877929688,457.7999877929688,34.36000061035156,34.38800048828125,34.189998626708984,34.36000061035156
2023-04-12,14.975,15.105,14.91,15.0425,458.1000061035156,463.2000122070313,455.2999877929688,460.2000122070313,34.27000045776367,34.279998779296875,34.10200119018555,34.27000045776367
2023-04-13,15.0425,15.2225,15.005,15.01,460.2000122070313,470.2000122070313,459.6000061035156,463.6000061035156,34.12200164794922,34.17399978637695,33.97800064086914,34.12200164794922
2023-04-14,15.02,15.0375,14.9,15.005,463.3999938964844,465.7000122070313,459.0,459.7000122070313,34.000999450683594,34.400001525878906,33.939998626708984,34.000999450683594
2023-04-17,15.005,15.19,14.9625,15.17,459.7000122070313,466.2000122070313,457.2999877929688,465.7000122070313,34.34000015258789,34.50299835205078,34.2400016784668,34.34000015258789
2023-04-18,15.1575,15.315,15.11,15.1925,465.7000122070313,471.1000061035156,458.2000122070313,461.1000061035156,34.48500061035156,34.5,34.20500183105469,34.48500061035156
2023-04-19,15.1725,15.215,15.06,15.065,460.7000122070313,462.2000122070313,453.5,454.3999938964844,34.279998779296875,34.50199890136719,34.220001220703125,34.279998779296875
2023-04-20,15.05,15.06,14.8825,14.975,454.6000061035156,455.1000061035156,448.2000122070313,451.2999877929688,34.42100143432617,34.5,34.255001068115234,34.42100143432617
2023-04-21,14.97,15.0,14.8,14.835,451.2999877929688,452.2999877929688,444.5,445.7000122070313,34.29999923706055,34.459999084472656,34.27000045776367,34.29999923706055
2023-04-24,14.835,15.0,14.6325,14.6525,445.7999877929688,449.0,439.2000122070313,439.5,34.34700012207031,34.52000045776367,34.349998474121094,34.34700012207031
2023-04-25,14.635,14.7125,14.3775,14.4525,438.7000122070313,441.2000122070313,433.0,434.7999877929688,34.290000915527344,34.45000076293945,34.22800064086914,34.290000915527344
2023-04-26,14.4525,14.565,14.34,14.36,436.0,437.0,425.5,426.0,34.310001373291016,34.369998931884766,34.04800033569336,34.310001373291016
2023-04-27,14.35,14.43,14.2075,14.2675,427.0,428.5,422.0,427.8999938964844,34.130001068115234,34.209999084472656,34.029998779296875,34.130001068115234
2023-04-28,14.3275,14.49,14.25,14.4425,429.0,436.7000122070313,425.0,435.2999877929688,34.08599853515625,34.20000076293945,34.02299880981445,34.08599853515625
2023-05-01,14.445,14.5525,14.41,14.5475,433.7999877929688,436.2000122070313,433.7000122070313,435.2999877929688,34.130001068115234,34.2599983215332,34.0890007019043,34.130001068115234
2023-05-02,14.6,14.67,14.375,14.395,435.2999877929688,437.2999877929688,429.7999877929688,429.7999877929688,34.194000244140625,34.2400016784668,34.05799865722656,34.194000244140625
2023-05-03,14.35,14.49,14.22,14.48,429.7999877929688,429.7999877929688,423.8999938964844,427.7999877929688,34.06999969482422,34.08399963378906,33.93000030517578,34.06999969482422
2023-05-04,14.48,14.54,14.3875,14.485,425.0,428.1000061035156,420.5,427.2999877929688,33.849998474121094,33.869998931884766,33.7400016784668,33.849998474121094
2023-05-05,14.52,14.7,14.52,14.69,428.0,429.7999877929688,427.8999938964844,428.8999938964844,33.779998779296875,33.92300033569336,33.630001068115234,33.779998779296875
2023-05-08,14.77,14.77,14.645,14.6875,428.0,428.8999938964844,425.2000122070313,425.5,33.86000061035156,34.01100158691406,33.779998779296875,33.86000061035156
2023-05-09,14.6775,14.6775,14.4875,14.5175,420.3999938964844,420.3999938964844,416.3999938964844,416.3999938964844,33.810001373291016,33.880001068115234,33.630001068115234,33.810001373291016
2023-05-10,14.5975,14.5975,14.36,14.365,415.0,417.8999938964844,415.0,417.8999938964844,33.66999816894531,33.73199844360352,33.48600006103516,33.66999816894531
2023-05-11,14.3775,14.46,14.2,14.4325,415.0,427.2000122070313,415.0,426.6000061035156,33.630001068115234,33.83000183105469,33.560001373291016,33.630001068115234
2023-05-12,14.35,14.35,14.35,14.35,426.7000122070313,428.1000061035156,426.7000122070313,428.1000061035156,33.78200149536133,34.0,33.80400085449219,33.78200149536133
2023-05-15,13.8875,14.115,13.8625,14.0075,433.3999938964844,442.2999877929688,430.5,430.8999938964844,33.880001068115234,33.90999984741211,33.64899826049805,33.880001068115234
2023-05-16,14.0,14.0175,13.5875,13.64,430.7000122070313,430.8999938964844,424.5,426.8999938964844,33.7599983215332,34.04999923706055,33.689998626708984,33.7599983215332
2023-05-17,13.65,13.6575,13.3275,13.37,426.8999938964844,429.8999938964844,423.8999938964844,425.2999877929688,34.07899856567383,34.34000015258789,34.06999969482422,34.07899856567383
2023-05-18,13.365,13.48,13.2325,13.3325,424.7999877929688,425.2999877929688,413.7000122070313,414.1000061035156,34.25,34.459999084472656,34.099998474121094,34.25
2023-05-19,13.3325,13.45,13.0475,13.0725,414.0,417.5,408.6000061035156,409.1000061035156,34.40999984741211,34.513999938964844,34.29600143432617,34.40999984741211
2023-05-22,13.0825,13.4425,13.0475,13.4125,409.1000061035156,416.8999938964844,407.5,412.2000122070313,34.27799987792969,34.52000045776367,34.2400016784668,34.27799987792969
2023-05-23,13.41,13.4125,13.155,13.225,412.2000122070313,413.2999877929688,405.8999938964844,406.3999938964844,34.459999084472656,34.7400016784668,34.41999816894531,34.459999084472656
2023-05-24,13.225,13.3775,13.16,13.245,406.3999938964844,410.6000061035156,400.7000122070313,402.2000122070313,34.61000061035156,34.65999984741211,34.42100143432617,34.61000061035156
2023-05-25,13.2425,13.335,13.05,13.24,402.2000122070313,405.5,395.6000061035156,397.2000122070313,34.65599822998047,34.7599983215332,34.560001373291016,34.65599822998047
2023-05-26,13.2375,13.435,13.22,13.3725,398.3999938964844,407.0,397.0,402.2000122070313,34.729000091552734,34.779998779296875,34.58000183105469,34.729000091552734
2023-05-30,13.3725,13.3725,12.9425,12.965,402.2000122070313,402.8999938964844,391.7000122070313,392.6000061035156,34.709999084472656,34.88100051879883,34.599998474121094,34.709999084472656
2023-05-31,12.98,13.0275,12.7075,12.9975,393.5,394.5,386.2999877929688,393.3999938964844,34.70000076293945,34.810001373291016,34.61000061035156,34.70000076293945
2023-06-01,12.9975,13.3525,12.9925,13.295,393.2999877929688,404.3999938964844,392.7999877929688,401.3999938964844,34.630001068115234,34.8849983215332,34.55500030517578,34.630001068115234
2023-06-02,13.29,13.5525,13.22,13.525,401.1000061035156,404.2000122070313,396.7000122070313,397.7999877929688,34.58000183105469,34.75,34.47999954223633,34.58000183105469
2023-06-05,13.5325,13.615,13.435,13.5,398.5,402.2999877929688,397.2000122070313,401.2000122070313,34.84000015258789,34.90999984741211,34.715999603271484,34.84000015258789
2023-06-06,13.52,13.64,13.4025,13.5325,401.5,405.8999938964844,395.7999877929688,396.7000122070313,34.7599983215332,34.849998474121094,34.70000076293945,34.7599983215332
2023-06-07,13.5325,13.7075,13.5,13.6075,396.7000122070313,405.7999877929688,396.1000061035156,405.2000122070313,34.733001708984375,34.810001373291016,34.67300033569336,34.733001708984375
2023-06-08,13.58,13.7175,13.52,13.6325,404.7000122070313,408.3999938964844,401.0,404.0,34.803001403808594,34.9109992980957,34.61899948120117,34.803001403808594
2023-06-09,13.605,13.88,13.5625,13.865,403.6000061035156,407.1000061035156,396.7999877929688,397.2000122070313,34.60300064086914,34.65999984741211,34.54100036621094,34.60300064086914
2023-06-12,13.9,13.9275,13.685,13.7275,398.2000122070313,403.8999938964844,395.6000061035156,397.3999938964844,34.59000015258789,34.72999954223633,34.529998779296875,34.59000015258789
2023-06-13,13.7325,14.155,13.7175,13.9925,397.3999938964844,404.0,396.0,397.5,34.61000061035156,34.70100021362305,34.44300079345703,34.61000061035156
2023-06-14,13.9875,13.99,13.8,13.8825,398.0,398.7999877929688,388.7000122070313,389.7000122070313,34.66999816894531,34.709999084472656,34.577999114990234,34.66999816894531
2023-06-15,13.8975,14.32,13.875,14.2825,390.8999938964844,394.5,386.5,394.2000122070313,34.63800048828125,34.869998931884766,34.58399963378906,34.63800048828125
2023-06-16,14.26,14.6825,14.26,14.665,393.7000122070313,417.0,392.3999938964844,416.3999938964844,34.58000183105469,34.709999084472656,34.54600143432617,34.58000183105469
2023-06-20,14.7275,14.8925,14.5975,14.7725,418.8999938964844,423.6000061035156,411.1000061035156,412.7999877929688,34.73699951171875,34.86000061035156,34.65999984741211,34.73699951171875
2023-06-21,14.89,15.2125,14.79,15.1475,418.1000061035156,441.2000122070313,417.3999938964844,439.2000122070313,34.81800079345703,34.900001525878906,34.79999923706055,34.81800079345703
2023-06-22,15.1325,15.195,14.685,15.005,438.0,439.3999938964844,423.7999877929688,424.7000122070313,34.770999908447266,35.119998931884766,34.77000045776367,34.770999908447266
2023-06-23,15.0,15.015,14.7025,14.945,423.6000061035156,424.3999938964844,408.5,410.7000122070313,35.10499954223633,35.27299880981445,35.069000244140625,35.10499954223633
2023-06-26,14.8625,15.25,14.7775,15.21,411.0,421.0,409.0,414.6000061035156,35.20000076293945,35.270999908447266,35.130001068115234,35.20000076293945
2023-06-27,15.23,15.2475,14.9,14.95,415.5,415.5,406.0,407.2999877929688,35.220001220703125,35.279998779296875,35.13999938964844,35.220001220703125
2023-06-28,14.8675,14.9975,14.3575,14.51,408.2000122070313,408.2000122070313,396.0,401.7999877929688,35.27000045776367,35.63999938964844,35.25,35.27000045776367
2023-06-29,14.4775,14.855,14.4525,14.83,402.2000122070313,404.6000061035156,399.2999877929688,403.0,35.59000015258789,35.72100067138672,35.54899978637695,35.59000015258789
2023-06-30,14.82,15.68,14.8025,15.5725,404.2000122070313,424.0,403.7999877929688,419.2000122070313,35.619998931884766,35.694000244140625,35.23199844360352,35.619998931884766
2023-07-03,15.5725,16.165,15.56,15.62,433.3999938964844,433.3999938964844,417.3999938964844,418.6000061035156,35.29999923706055,35.310001373291016,34.939998626708984,35.29999923706055
2023-07-05,15.6225,15.89,15.44,15.4725,421.3999938964844,425.3999938964844,413.5,417.8999938964844,34.8489990234375,34.97999954223633,34.810001373291016,34.8489990234375
2023-07-06,15.3825,15.44,15.1925,15.2575,417.8999938964844,418.5,414.0,415.6000061035156,34.9640007019043,35.2400016784668,34.95000076293945,34.9640007019043
2023-07-07,15.235,15.235,14.8,14.855,411.6000061035156,412.8999938964844,409.0,409.6000061035156,35.18000030517578,35.290000915527344,35.00299835205078,35.18000030517578
2023-07-10,14.84,15.2475,14.84,15.08,414.0,415.2999877929688,411.2999877929688,412.2999877929688,35.130001068115234,35.22200012207031,35.04999923706055,35.130001068115234
2023-07-11,15.1575,15.335,15.1575,15.205,422.8999938964844,422.8999938964844,422.0,422.2999877929688,35.040000915527344,35.06999969482422,34.71799850463867,35.040000915527344
2023-07-12,15.455,15.455,14.77,14.885,426.6000061035156,435.2000122070313,421.3999938964844,421.3999938964844,34.75,35.040000915527344,34.625,34.75
2023-07-13,14.89,15.18,14.89,15.18,428.7000122070313,432.3999938964844,428.7000122070313,430.8999938964844,34.64400100708008,34.6870002746582,34.47999954223633,34.64400100708008
2023-07-14,15.07,15.115,14.9575,14.9575,426.7999877929688,430.0,426.7999877929688,430.0,34.54999923706055,34.70899963378906,34.52299880981445,34.54999923706055
2023-07-17,14.9075,14.97,14.7775,14.84,426.6000061035156,435.0,424.8999938964844,434.3999938964844,34.630001068115234,34.71699905395508,34.54999923706055,34.630001068115234
2023-07-18,14.765,15.01,14.7425,14.92,433.7999877929688,446.8999938964844,431.7000122070313,442.7000122070313,34.59000015258789,34.599998474121094,33.9370002746582,34.59000015258789
2023-07-19,14.92,15.1825,14.85,14.915,442.7000122070313,451.7000122070313,439.0,443.7999877929688,34.04999923706055,34.18000030517578,33.92300033569336,34.04999923706055
2023-07-20,14.89,15.015,14.8075,14.95,443.0,449.0,439.1000061035156,440.5,33.99399948120117,34.2400016784668,33.755001068115234,33.99399948120117
2023-07-21,14.9175,15.04,14.85,15.01,440.0,444.0,434.2999877929688,442.7999877929688,34.189998626708984,34.46799850463867,34.18000030517578,34.189998626708984
2023-07-24,15.075,15.37,15.0,15.2325,445.2999877929688,451.7999877929688,443.0,447.2999877929688,34.400001525878906,34.55699920654297,34.349998474121094,34.400001525878906
2023-07-25,15.2175,15.2725,15.0275,15.155,448.1000061035156,454.3999938964844,446.2999877929688,453.7999877929688,34.54999923706055,34.599998474121094,34.380001068115234,34.54999923706055
2023-07-26,15.1375,15.58,15.06,15.4625,453.7999877929688,464.7999877929688,452.6000061035156,464.7000122070313,34.38800048828125,34.540000915527344,34.20000076293945,34.38800048828125
2023-07-27,15.49,15.8075,15.2925,15.32,465.3999938964844,472.5,463.0,464.5,34.2239990234375,34.47999954223633,33.99300003051758,34.2239990234375
2023-07-28,15.305,15.315,14.835,14.8675,463.8999938964844,463.8999938964844,451.7999877929688,455.2000122070313,34.45399856567383,34.560001373291016,34.209999084472656,34.45399856567383
2023-07-31,14.865,14.865,14.3025,14.4575,455.2000122070313,455.3999938964844,447.6000061035156,451.2000122070313,34.2599983215332,34.30099868774414,34.08100128173828,34.2400016784668
2023-08-01,14.465,14.65,14.3375,14.4675,451.2000122070313,460.8999938964844,451.2000122070313,456.1000061035156,34.23600006103516,34.41400146484375,34.130001068115234,34.23600006103516
2023-08-02,14.4725,14.4725,14.2025,14.2975,456.1000061035156,458.3999938964844,447.5,451.7999877929688,34.290000915527344,34.520999908447266,34.220001220703125,34.290000915527344
2023-08-03,14.31,14.45,14.2475,14.2875,451.7999877929688,461.7000122070313,449.0,451.2000122070313,34.45000076293945,34.691001892089844,34.387001037597656,34.45000076293945
2023-08-04,14.46,14.46,14.34,14.44,452.0,457.0,443.2000122070313,444.1000061035156,34.560001373291016,34.801998138427734,34.5369987487793,34.560001373291016
2023-08-07,14.3,14.3,14.05,14.145,448.1000061035156,448.1000061035156,430.0,446.2000122070313,34.630001068115234,34.87799835205078,34.60599899291992,34.630001068115234
2023-08-08,14.0025,14.3125,13.95,14.3,448.3999938964844,451.1000061035156,433.2000122070313,433.2000122070313,34.81999969482422,35.060001373291016,34.810001373291016,34.81999969482422
2023-08-09,14.36,14.38,14.3075,14.315,436.2999877929688,443.8999938964844,426.2999877929688,426.2999877929688,35.0,35.06999969482422,34.84600067138672,35.0
2023-08-10,14.3175,14.385,14.1,14.12,433.8999938964844,435.6000061035156,429.6000061035156,429.6000061035156,35.05500030517578,35.152000427246094,34.85900115966797,35.05500030517578
2023-08-11,13.5325,14.09,13.5325,14.0125,431.1000061035156,436.8999938964844,428.7000122070313,436.8999938964844,35.119998931884766,35.18000030517578,34.99700164794922,35.119998931884766
2023-08-14,14.22,14.22,13.91,13.91,445.0,462.2999877929688,445.0,462.2999877929688,35.084999084472656,35.33000183105469,35.0880012512207,35.084999084472656
2023-08-15,13.4425,13.4875,13.195,13.2325,413.5,416.1000061035156,403.1000061035156,403.7999877929688,35.22999954223633,35.43600082397461,35.196998596191406,35.22999954223633
2023-08-16,13.2375,13.4425,13.2125,13.3475,404.1000061035156,408.7000122070313,403.7999877929688,404.5,35.40999984741211,35.48600006103516,35.2859992980957,35.40999984741211
2023-08-17,13.37,13.4775,13.325,13.3675,406.3999938964844,406.3999938964844,397.2000122070313,399.6000061035156,35.46900177001953,35.59400177001953,35.33599853515625,35.46900177001953
2023-08-18,13.38,13.655,13.3775,13.6275,400.3999938964844,405.0,399.0,403.8999938964844,35.46900177001953,35.5,35.32699966430664,35.46900177001953
2023-08-21,13.69,13.8675,13.645,13.7,405.0,412.3999938964844,403.2000122070313,409.7999877929688,35.369998931884766,35.369998931884766,35.099998474121094,35.369998931884766
2023-08-22,13.695,13.81,13.4175,13.515,410.0,416.7999877929688,401.2999877929688,406.2999877929688,35.189998626708984,35.18000030517578,34.90999984741211,35.189998626708984
2023-08-23,13.5025,13.6225,13.3375,13.595,405.8999938964844,413.8999938964844,403.3999938964844,413.0,35.02000045776367,35.119998931884766,34.85200119018555,35.02000045776367
2023-08-24,13.595,13.7075,13.52,13.6575,414.5,424.2999877929688,414.0,422.7000122070313,34.90299987792969,35.040000915527344,34.810001373291016,34.90299987792969
2023-08-25,13.64,13.82,13.6125,13.81,423.0,426.7999877929688,420.6000061035156,422.7999877929688,34.9900016784668,35.18000030517578,34.97999954223633,34.9900016784668
2023-08-28,13.8825,14.0075,13.8375,13.9525,424.6000061035156,428.0,421.5,425.7000122070313,35.06700134277344,35.290000915527344,35.06399917602539,35.06700134277344
2023-08-29,13.8275,13.94,13.805,13.82,425.1000061035156,426.0,418.5,419.2999877929688,35.22999954223633,35.2599983215332,34.9900016784668,35.22999954223633
2023-08-30,13.785,13.9175,13.6675,13.8125,420.0,423.3999938964844,411.7999877929688,423.0,35.0,35.130001068115234,34.92399978637695,35.0
2023-08-31,13.81,13.81,13.6,13.6,424.0,424.0,418.0,418.7000122070313,34.994998931884766,35.02899932861328,34.869998931884766,34.994998931884766
2023-09-01,13.62,13.74,13.55,13.5625,418.7000122070313,423.7999877929688,412.0,412.7000122070313,35.00199890136719,35.14099884033203,34.85200119018555,35.00199890136719
2023-09-05,13.595,13.595,13.48,13.49,413.0,413.0,403.1000061035156,406.2999877929688,35.26100158691406,35.4900016784668,35.23899841308594,35.26100158691406
2023-09-06,13.655,13.655,13.595,13.6025,409.2000122070313,411.5,406.0,408.1000061035156,35.44499969482422,35.599998474121094,35.40999984741211,35.44499969482422
2023-09-07,13.495,13.5,13.45,13.45,407.1000061035156,407.1000061035156,403.3999938964844,403.3999938964844,35.55099868774414,35.6510009765625,35.52000045776367,35.55099868774414
2023-09-08,13.39,13.495,13.39,13.495,403.1000061035156,411.8999938964844,403.0,411.8999938964844,35.63199996948242,35.63399887084961,35.45500183105469,35.63199996948242
2023-09-11,13.525,13.525,13.52,13.525,414.6000061035156,415.0,408.6000061035156,412.0,35.5,35.59000015258789,35.40999984741211,35.5
2023-09-12,13.4875,13.4875,13.3175,13.3175,408.0,409.0,405.2000122070313,405.2000122070313,35.5,35.72700119018555,35.5099983215332,35.5
2023-09-13,13.255,13.36,13.255,13.36,401.5,404.0,401.5,401.8999938964844,35.59000015258789,35.779998779296875,35.56999969482422,35.59000015258789
2023-09-14,13.4375,13.4375,13.4375,13.4375,401.8999938964844,401.8999938964844,401.8999938964844,401.8999938964844,35.7400016784668,35.81700134277344,35.630001068115234,35.7400016784668
2023-09-15,13.605,13.6775,13.3825,13.4025,400.3999938964844,403.2000122070313,393.2999877929688,393.6000061035156,35.779998779296875,35.83300018310547,35.65800094604492,35.779998779296875
2023-09-18,13.4,13.445,13.155,13.1675,393.2000122070313,394.6000061035156,390.1000061035156,390.3999938964844,35.709999084472656,35.7599983215332,35.619998931884766,35.709999084472656
2023-09-19,13.15,13.1975,13.08,13.155,390.3999938964844,393.1000061035156,389.0,391.5,35.665000915527344,36.0099983215332,35.63999938964844,35.665000915527344
2023-09-20,13.1525,13.2275,13.1025,13.2,391.7000122070313,399.5,391.3999938964844,397.2000122070313,36.00899887084961,36.303001403808594,35.9109992980957,36.00899887084961
2023-09-21,13.1975,13.22,12.93,12.9375,397.2999877929688,397.7999877929688,390.1000061035156,390.2999877929688,36.22999954223633,36.30799865722656,36.06700134277344,36.22999954223633
2023-09-22,12.94,13.03,12.925,12.9625,390.2999877929688,393.6000061035156,387.7000122070313,388.2000122070313,36.119998931884766,36.2400016784668,35.88999938964844,36.119998931884766
2023-09-25,12.9525,13.0,12.845,12.9775,388.3999938964844,393.3999938964844,386.7999877929688,392.0,35.970001220703125,36.150001525878906,35.88999938964844,35.970001220703125
2023-09-26,12.9925,13.0775,12.89,13.0275,392.0,395.5,388.2000122070313,394.0,36.14400100708008,36.4900016784668,36.12799835205078,36.14400100708008
2023-09-27,13.0275,13.17,12.975,13.0325,395.0,398.1000061035156,389.2000122070313,390.1000061035156,36.39699935913086,36.64300155639648,36.38999938964844,36.39699935913086
2023-09-28,13.03,13.07,12.87,13.005,390.2000122070313,394.5,388.7000122070313,392.3999938964844,36.66999816894531,36.82099914550781,36.55400085449219,36.66999816894531
2023-09-29,13.005,13.055,12.725,12.75,392.3999938964844,392.3999938964844,374.2999877929688,375.8999938964844,36.56600189208984,36.63999938964844,36.34700012207031,36.56600189208984
2023-10-02,12.725,12.795,12.6575,12.77,377.2999877929688,381.3999938964844,367.2999877929688,367.6000061035156,36.67399978637695,36.98199844360352,36.67100143432617,36.67399978637695
2023-10-03,12.765,12.7875,12.5675,12.7275,364.0,364.0,360.0,363.2000122070313,37.02399826049805,37.152000427246094,36.93299865722656,37.02399826049805
2023-10-04,12.72,12.85,12.6875,12.73,366.0,368.7999877929688,362.5,368.7000122070313,37.09000015258789,37.22999954223633,36.900001525878906,37.09000015258789
2023-10-05,12.7175,12.8375,12.62,12.8075,368.7999877929688,373.6000061035156,362.6000061035156,373.6000061035156,36.91600036621094,37.07099914550781,36.77999877929688,36.91600036621094
2023-10-06,12.795,12.8725,12.635,12.66,371.3999938964844,374.2000122070313,367.5,367.6000061035156,36.935001373291016,37.18199920654297,36.83200073242188,36.935001373291016
2023-10-09,12.67,12.775,12.5825,12.6425,370.0,375.7999877929688,368.0,370.8999938964844,36.93999862670898,37.12200164794922,36.92900085449219,36.93999862670898
2023-10-10,12.63,12.7325,12.5425,12.715,372.1000061035156,377.2999877929688,370.2999877929688,372.0,36.90999984741211,36.93999862670898,36.56900024414063,36.90999984741211
2023-10-11,12.715,12.7425,12.51,12.525,377.5,377.5,369.0,374.2999877929688,36.5629997253418,36.553001403808594,36.310001373291016,36.5629997253418
2023-10-12,12.525,12.9975,12.505,12.9,387.6000061035156,387.6000061035156,387.6000061035156,387.6000061035156,36.41999816894531,36.41999816894531,36.06399917602539,36.41999816894531
2023-10-13,12.8675,12.985,12.735,12.8025,387.6000061035156,387.6000061035156,387.6000061035156,387.6000061035156,36.39899826049805,36.54399871826172,36.141998291015625,36.39899826049805
2023-10-16,12.8,12.89,12.795,12.8625,390.0,392.8999938964844,386.8999938964844,390.2000122070313,36.185001373291016,36.38800048828125,36.16299819946289,36.185001373291016
2023-10-17,12.86,13.035,12.855,12.9675,390.5,401.1000061035156,390.1000061035156,399.7999877929688,36.29399871826172,36.4739990234375,36.24100112915039,36.29399871826172
2023-10-18,12.97,13.13,12.9325,13.11,399.7999877929688,415.1000061035156,398.8999938964844,413.7999877929688,36.36000061035156,36.41899871826172,36.22299957275391,36.36000061035156
2023-10-19,13.11,13.1775,13.0025,13.155,413.7000122070313,424.2999877929688,412.0,423.0,36.32899856567383,36.50199890136719,36.32400131225586,36.32899856567383
2023-10-20,13.15,13.185,13.01,13.0225,423.0,425.7000122070313,416.8999938964844,423.8999938964844,36.354000091552734,36.560001373291016,36.3489990234375,36.354000091552734
2023-10-23,13.02,13.04,12.86,12.8675,424.6000061035156,429.0,417.0,420.5,36.52999877929688,36.624000549316406,36.31999969482422,36.52999877929688
2023-10-24,12.87,12.9775,12.805,12.9525,421.0,434.7999877929688,413.3999938964844,434.2000122070313,36.28900146484375,36.30099868774414,36.08000183105469,36.28900146484375
2023-10-25,12.93,13.0125,12.78,12.8825,433.6000061035156,439.3999938964844,424.7999877929688,429.2000122070313,36.15999984741211,36.21200180053711,36.055999755859375,36.15999984741211
2023-10-26,12.875,12.9775,12.775,12.795,427.3999938964844,433.2000122070313,422.1000061035156,429.5,36.220001220703125,36.38399887084961,36.20600128173828,36.220001220703125
2023-10-27,12.7925,13.035,12.7775,12.9725,429.5,448.3999938964844,428.1000061035156,442.3999938964844,36.220001220703125,36.27000045776367,36.14799880981445,36.220001220703125
2023-10-30,12.97,13.0875,12.81,12.8275,441.3999938964844,442.1000061035156,424.3999938964844,426.5,36.09799957275391,36.15999984741211,35.84000015258789,36.09799957275391
2023-10-31,12.83,13.0,12.76,12.87,426.6000061035156,435.2999877929688,423.0,431.0,35.90999984741211,36.130001068115234,35.845001220703125,35.90999984741211
2023-11-01,12.9,12.9675,12.8325,12.9125,431.0,432.6000061035156,424.0,430.3999938964844,36.09999847412109,36.33000183105469,36.09299850463867,36.09999847412109
2023-11-02,12.9025,13.0625,12.9025,13.04,430.3999938964844,434.5,422.5,426.2999877929688,36.01300048828125,36.040000915527344,35.827999114990234,36.01300048828125
2023-11-03,13.035,13.3,13.0225,13.275,427.2999877929688,445.0,424.3999938964844,442.1000061035156,35.95899963378906,36.01499938964844,35.45500183105469,35.95899963378906
2023-11-06,13.275,13.4525,13.275,13.405,442.7999877929688,446.0,433.0,437.5,35.518001556396484,35.56700134277344,35.369998931884766,35.518001556396484
2023-11-07,13.395,13.66,13.365,13.4875,438.5,456.2999877929688,436.5,447.3999938964844,35.4900016784668,35.650001525878906,35.43000030517578,35.4900016784668
2023-11-08,13.52,13.6875,13.48,13.49,448.7000122070313,464.2000122070313,448.0,449.7999877929688,35.49700164794922,35.619998931884766,35.4379997253418,35.49700164794922
2023-11-09,13.51,13.535,13.265,13.2775,450.7999877929688,453.1000061035156,443.0,449.8999938964844,35.529998779296875,35.619998931884766,35.38999938964844,35.529998779296875
2023-11-10,13.28,13.35,13.2525,13.335,450.5,451.1000061035156,445.0,449.3999938964844,35.76499938964844,36.02999877929688,35.72999954223633,35.76499938964844
2023-11-13,13.35,13.69,13.3375,13.68,450.0,474.3999938964844,448.7000122070313,469.1000061035156,36.07799911499024,36.150001525878906,35.90999984741211,36.07799911499024
2023-11-14,13.72,13.72,13.585,13.6875,469.1000061035156,475.1000061035156,455.2999877929688,473.6000061035156,35.9900016784668,36.1259994506836,35.54999923706055,35.9900016784668
2023-11-15,13.89,13.985,13.795,13.85,473.7000122070313,479.0,464.2000122070313,469.2000122070313,35.49700164794922,35.6609992980957,35.41899871826172,35.49700164794922
2023-11-16,13.85,13.8775,13.5375,13.6025,469.2999877929688,471.6000061035156,453.3999938964844,466.7999877929688,35.500999450683594,35.707000732421875,35.12099838256836,35.500999450683594
2023-11-17,13.6,13.615,13.3675,13.4025,465.3999938964844,467.7999877929688,451.8999938964844,453.2999877929688,35.19499969482422,35.27000045776367,34.9900016784668,35.19499969482422
2023-11-20,13.3925,13.68,13.27,13.6725,453.1000061035156,461.7000122070313,440.7999877929688,460.2000122070313,35.10499954223633,35.270999908447266,35.0099983215332,35.10499954223633
2023-11-21,13.655,13.8925,13.64,13.7725,460.2999877929688,467.5,454.5,459.2000122070313,35.15299987792969,35.22700119018555,35.0099983215332,35.15299987792969
2023-11-22,13.77,13.785,13.5425,13.565,459.6000061035156,466.7999877929688,454.2000122070313,458.1000061035156,35.11800003051758,35.29999923706055,35.084999084472656,35.11800003051758
2023-11-24,13.545,13.55,13.295,13.3075,458.1000061035156,463.7999877929688,456.7000122070313,457.3999938964844,35.27399826049805,35.5099983215332,35.27000045776367,35.27399826049805
2023-11-27,13.295,13.39,13.235,13.2975,458.1000061035156,466.3999938964844,455.1000061035156,458.7000122070313,35.37300109863281,35.391998291015625,35.040000915527344,35.37300109863281
2023-11-28,13.3025,13.5,13.295,13.465,459.6000061035156,465.0,450.0,450.2999877929688,34.99399948120117,35.02000045776367,34.70000076293945,34.99399948120117
2023-11-29,13.465,13.52,13.37,13.47,449.7999877929688,454.1000061035156,442.0,444.2999877929688,34.65999984741211,34.90999984741211,34.560001373291016,34.65999984741211
2023-11-30,13.47,13.515,13.3925,13.4275,449.6000061035156,449.6000061035156,440.0,442.2000122070313,34.801998138427734,35.37200164794922,34.7859992980957,34.801998138427734
2023-12-01,13.42,13.435,13.235,13.25,440.7000122070313,440.7000122070313,423.5,425.2999877929688,35.25699996948242,35.32600021362305,34.89899826049805,35.25699996948242
2023-12-04,13.225,13.2925,13.035,13.0625,423.5,432.2999877929688,419.0,422.2999877929688,34.733001708984375,35.270999908447266,34.66999816894531,34.733001708984375
2023-12-05,13.0725,13.1525,12.94,13.055,422.2000122070313,434.5,421.0,433.7000122070313,35.21500015258789,35.33000183105469,35.09299850463867,35.21500015258789
2023-12-06,13.0925,13.135,12.9375,12.955,436.7000122070313,437.2999877929688,423.0,424.3999938964844,35.2400016784668,35.2599983215332,35.00899887084961,35.2400016784668
2023-12-07,12.96,13.1825,12.92,13.1175,425.0,425.3999938964844,419.5,424.5,35.196998596191406,35.39099884033203,35.09299850463867,35.196998596191406
2023-12-08,13.125,13.3075,12.99,13.04,431.6000061035156,431.6000061035156,421.7000122070313,424.2000122070313,35.11000061035156,35.52000045776367,35.03499984741211,35.11000061035156
2023-12-11,13.095,13.385,13.07,13.36,427.7999877929688,432.2999877929688,425.5,430.7000122070313,35.46200180053711,35.779998779296875,35.400001525878906,35.46200180053711
2023-12-12,13.3725,13.44,13.205,13.2375,432.5,434.0,427.7999877929688,429.2000122070313,35.68000030517578,35.76300048828125,35.47600173950195,35.68000030517578
2023-12-13,13.23,13.235,13.025,13.075,425.1000061035156,429.7999877929688,420.8999938964844,421.1000061035156,35.650001525878906,35.82899856567383,35.59199905395508,35.650001525878906
2023-12-14,13.11,13.1925,13.04,13.14,421.1000061035156,421.1000061035156,421.1000061035156,421.1000061035156,35.08700180053711,35.2130012512207,34.77000045776367,35.08700180053711
2023-12-15,13.17,13.205,13.04,13.1575,403.7000122070313,406.5,400.5,405.6000061035156,34.880001068115234,34.98099899291992,34.744998931884766,34.880001068115234
2023-12-18,13.18,13.28,13.07,13.27,406.0,413.5,401.8999938964844,412.7999877929688,34.95199966430664,35.029998779296875,34.88999938964844,34.95199966430664
2023-12-19,13.265,13.2875,13.095,13.125,413.0,413.2000122070313,402.7999877929688,403.2000122070313,34.939998626708984,35.01599884033203,34.75899887084961,34.939998626708984
2023-12-20,13.125,13.2175,13.055,13.0825,403.6000061035156,405.5,396.2999877929688,399.8999938964844,34.83000183105469,34.96699905395508,34.827999114990234,34.83000183105469
2023-12-21,13.095,13.1,12.95,12.9725,399.8999938964844,400.0,394.2999877929688,395.3999938964844,34.952999114990234,35.0,34.75,34.952999114990234
2023-12-22,12.9675,13.08,12.94,12.9975,396.0,401.0,394.2000122070313,399.6000061035156,34.685001373291016,34.75,34.43899917602539,34.685001373291016
2023-12-26,12.9975,13.145,12.96,13.1325,400.5,403.8999938964844,394.1000061035156,403.2000122070313,34.507999420166016,34.66999816894531,34.5099983215332,34.507999420166016
2023-12-27,13.105,13.1875,13.03,13.1675,402.7999877929688,403.2000122070313,397.1000061035156,398.8999938964844,34.47100067138672,34.58000183105469,34.2599983215332,34.47100067138672
2023-12-28,13.1575,13.2425,13.03,13.0525,399.7999877929688,401.2999877929688,387.8999938964844,393.0,34.19499969482422,34.290000915527344,34.082000732421875,34.19499969482422
2023-12-29,13.0475,13.1175,12.9225,12.935,390.7999877929688,392.0,384.2999877929688,386.0,34.290000915527344,34.4370002746582,34.130001068115234,34.290000915527344
2024-01-02,12.895,12.895,12.66,12.74,386.0,386.0,378.3999938964844,378.8999938964844,34.32600021362305,34.369998931884766,34.099998474121094,34.32600021362305
2024-01-03,12.715,12.7525,12.68,12.695,379.6000061035156,381.6000061035156,375.2000122070313,381.0,34.209999084472656,34.540000915527344,34.180999755859375,34.209999084472656
2024-01-04,12.7425,12.7425,12.6025,12.62,380.8999938964844,383.0,379.0,381.2000122070313,34.439998626708984,34.61000061035156,34.402000427246094,34.439998626708984
2024-01-05,12.6125,12.6125,12.4975,12.4975,380.3999938964844,380.3999938964844,368.6000061035156,368.6000061035156,34.48899841308594,34.91299819946289,34.43899917602539,34.48899841308594
2024-01-08,12.5275,12.5275,12.3325,12.395,369.0,369.2000122070313,366.1000061035156,368.1000061035156,34.637001037597656,35.08700180053711,34.56999969482422,34.637001037597656
2024-01-09,12.385,12.43,12.2875,12.415,365.0,367.0,364.0,366.0,34.939998626708984,34.99800109863281,34.79199981689453,34.939998626708984
2024-01-10,12.415,12.415,12.2875,12.2875,363.7999877929688,364.3999938964844,361.2999877929688,361.2999877929688,34.91400146484375,35.20000076293945,34.89799880981445,34.91400146484375
2024-01-11,12.34,12.355,12.3125,12.3125,366.1000061035156,367.0,361.3999938964844,361.3999938964844,35.01300048828125,35.220001220703125,34.91299819946289,35.01300048828125
2024-01-12,12.3975,12.4025,12.0575,12.0575,361.7999877929688,361.7999877929688,351.29998779296875,351.29998779296875,34.98699951171875,35.125999450683594,34.84600067138672,34.98699951171875
2024-01-16,12.27,12.3775,12.2075,12.2725,363.2000122070313,371.7000122070313,363.2000122070313,371.1000061035156,34.959999084472656,35.40999984741211,34.959999084472656,34.959999084472656
2024-01-17,12.2725,12.31,12.05,12.0575,371.5,373.6000061035156,357.1000061035156,358.70001220703125,35.38600158691406,35.68600082397461,35.38999938964844,35.38600158691406
2024-01-18,12.06,12.16,12.01,12.135,358.70001220703125,362.3999938964844,355.5,361.2999877929688,35.57500076293945,35.672000885009766,35.43199920654297,35.57500076293945
2024-01-19,12.13,12.27,12.1075,12.1325,361.8999938964844,365.7000122070313,356.0,356.5,35.529998779296875,35.61000061035156,35.41400146484375,35.529998779296875
2024-01-22,12.1675,12.2575,12.095,12.2425,356.5,358.0,351.3999938964844,355.79998779296875,35.529998779296875,35.68000030517578,35.43000030517578,35.529998779296875
2024-01-23,12.2425,12.405,12.215,12.395,356.20001220703125,361.7000122070313,355.20001220703125,361.1000061035156,35.57899856567383,35.75,35.49700164794922,35.57899856567383
2024-01-24,12.39,12.46,12.3525,12.4025,361.0,366.1000061035156,360.3999938964844,363.2999877929688,35.643001556396484,35.87900161743164,35.54999923706055,35.643001556396484
2024-01-25,12.4,12.475,12.155,12.23,363.2999877929688,366.7999877929688,357.0,358.20001220703125,35.709999084472656,35.79499816894531,35.63999938964844,35.709999084472656
2024-01-26,12.235,12.3075,12.085,12.0925,357.8999938964844,360.1000061035156,348.6000061035156,349.0,35.72999954223633,35.763999938964844,35.50400161743164,35.72999954223633
2024-01-29,12.1075,12.125,11.915,11.9425,349.8999938964844,359.0,346.20001220703125,354.29998779296875,35.60300064086914,35.65999984741211,35.430999755859375,35.60300064086914
2024-01-30,11.9375,12.2125,11.8775,12.1875,354.29998779296875,364.0,352.5,363.0,35.43000030517578,35.430999755859375,35.25600051879883,35.43000030517578
2024-01-31,12.1875,12.23,12.0675,12.2225,363.0,369.7000122070313,359.0,368.2999877929688,35.35100173950195,35.52199935913086,35.23199844360352,35.35100173950195
2024-02-01,12.2125,12.2175,11.995,12.0325,368.2999877929688,370.3999938964844,358.79998779296875,361.7000122070313,35.54899978637695,35.56999969482422,35.27899932861328,35.54899978637695
2024-02-02,12.0325,12.0825,11.8675,11.885,361.7000122070313,365.5,356.1000061035156,356.79998779296875,35.29800033569336,35.56999969482422,35.099998474121094,35.29800033569336
2024-02-05,11.9,11.985,11.795,11.9625,356.79998779296875,361.5,353.20001220703125,361.1000061035156,35.57500076293945,35.86000061035156,35.577999114990234,35.57500076293945
2024-02-06,11.96,12.055,11.9375,11.995,361.0,362.6000061035156,355.8999938964844,358.79998779296875,35.7599983215332,35.810001373291016,35.49800109863281,35.7599983215332
2024-02-07,11.99,12.02,11.7925,11.89,358.79998779296875,359.79998779296875,350.0,351.20001220703125,35.54999923706055,35.64400100708008,35.44300079345703,35.54999923706055
2024-02-08,11.87,12.0475,11.805,11.935,351.0,354.6000061035156,343.5,347.1000061035156,35.48199844360352,35.91999816894531,35.54999923706055,35.48199844360352
2024-02-09,11.95,11.98,11.815,11.835,347.1000061035156,349.3999938964844,341.0,346.79998779296875,35.83000183105469,35.9739990234375,35.77799987792969,35.83000183105469
2024-02-12,11.8375,11.9675,11.825,11.93,347.1000061035156,355.8999938964844,346.5,348.8999938964844,35.87200164794922,35.95000076293945,35.8129997253418,35.87200164794922
2024-02-13,11.9175,11.975,11.83,11.8625,348.8999938964844,350.29998779296875,343.5,344.79998779296875,35.87099838256836,36.06499862670898,35.62799835205078,35.87099838256836
2024-02-14,11.8625,11.9,11.6825,11.705,344.79998779296875,348.5,342.29998779296875,343.29998779296875,36.0620002746582,36.20000076293945,36.03900146484375,36.0620002746582
2024-02-15,11.68,11.7475,11.6025,11.6225,343.3999938964844,346.3999938964844,339.0,339.5,36.05500030517578,36.18399810791016,36.00899887084961,36.05500030517578
2024-02-16,11.6375,11.7375,11.6225,11.7225,339.70001220703125,347.79998779296875,339.29998779296875,345.6000061035156,36.040000915527344,36.15299987792969,35.98400115966797,36.040000915527344
2024-02-20,11.7775,11.885,11.74,11.79,346.6000061035156,352.3999938964844,346.3999938964844,347.6000061035156,36.119998931884766,36.18299865722656,35.90399932861328,36.119998931884766
2024-02-21,11.79,11.7925,11.575,11.6075,348.0,348.20001220703125,341.5,342.0,35.97999954223633,36.06999969482422,35.790000915527344,35.97999954223633
2024-02-22,11.61,11.6725,11.4675,11.4775,342.29998779296875,344.1000061035156,334.3999938964844,334.8999938964844,35.840999603271484,35.970001220703125,35.720001220703125,35.840999603271484
2024-02-23,11.48,11.54,11.3025,11.33,334.8999938964844,336.6000061035156,328.0,331.5,35.93000030517578,36.119998931884766,35.88100051879883,35.93000030517578
2024-02-26,11.37,11.4225,11.2475,11.36,332.5,335.3999938964844,330.5,334.3999938964844,35.9370002746582,36.0099983215332,35.79999923706055,35.9370002746582
2024-02-27,11.36,11.5225,11.2875,11.3125,334.5,339.79998779296875,326.70001220703125,327.79998779296875,35.930999755859375,35.959999084472656,35.7599983215332,35.930999755859375
2024-02-28,11.3225,11.445,11.2475,11.34,328.5,333.6000061035156,328.0,331.29998779296875,35.880001068115234,36.07400131225586,35.79999923706055,35.880001068115234
2024-02-29,11.32,11.36,11.15,11.2825,330.79998779296875,335.6000061035156,328.0,333.29998779296875,35.95399856567383,36.0260009765625,35.75899887084961,35.95399856567383
2024-03-01,11.2825,11.435,11.2675,11.43,334.3999938964844,336.8999938964844,333.0,334.0,35.83000183105469,36.0099983215332,35.80400085449219,35.83000183105469
2024-03-04,11.52,11.58,11.45,11.47,337.8999938964844,339.6000061035156,334.0,335.20001220703125,35.797000885009766,35.85599899291992,35.70399856567383,35.797000885009766
2024-03-05,11.47,11.47,11.3875,11.4075,335.5,335.5,329.29998779296875,331.20001220703125,35.70100021362305,35.87099838256836,35.71099853515625,35.70100021362305
2024-03-06,11.385,11.4025,11.3225,11.4025,328.20001220703125,335.29998779296875,327.8999938964844,334.8999938964844,35.777000427246094,35.854000091552734,35.5629997253418,35.777000427246094
2024-03-07,11.55,11.57,11.51,11.57,338.29998779296875,339.8999938964844,334.0,339.8999938964844,35.58700180053711,35.650001525878906,35.470001220703125,35.58700180053711
2024-03-08,11.57,11.705,11.455,11.705,334.29998779296875,341.3999938964844,332.0,341.29998779296875,35.492000579833984,35.56999969482422,35.28799819946289,35.492000579833984
2024-03-11,11.7,11.7075,11.65,11.65,335.8999938964844,343.29998779296875,331.1000061035156,337.1000061035156,35.39799880981445,35.4900016784668,35.349998474121094,35.39799880981445
2024-03-12,11.67,11.82,11.67,11.82,333.29998779296875,333.79998779296875,333.29998779296875,333.79998779296875,35.38999938964844,35.77799987792969,35.380001068115234,35.38999938964844
2024-03-13,11.7825,11.8275,11.7375,11.8175,328.5,331.0,326.8999938964844,331.0,35.729000091552734,35.75,35.57699966430664,35.729000091552734
2024-03-14,11.82,11.985,11.8075,11.8075,333.20001220703125,333.20001220703125,333.20001220703125,333.20001220703125,35.612998962402344,35.79999923706055,35.555999755859375,35.612998962402344
2024-03-15,11.945,12.0,11.835,11.9825,337.79998779296875,339.6000061035156,332.8999938964844,334.70001220703125,35.7599983215332,35.90999984741211,35.73899841308594,35.7599983215332
2024-03-18,11.985,12.06,11.8675,11.8775,334.8999938964844,338.1000061035156,331.29998779296875,331.8999938964844,35.900001525878906,35.9900016784668,35.86000061035156,35.900001525878906
2024-03-19,11.88,11.9225,11.81,11.855,331.79998779296875,334.70001220703125,329.29998779296875,333.8999938964844,35.970001220703125,36.09999847412109,35.939998626708984,35.970001220703125
2024-03-20,11.855,12.1175,11.835,12.095,334.1000061035156,343.0,333.5,342.5,36.04999923706055,36.20000076293945,35.99399948120117,36.04999923706055
2024-03-21,12.09,12.2675,12.04,12.12,342.5,347.6000061035156,338.79998779296875,344.29998779296875,35.91699981689453,36.33000183105469,35.85100173950195,35.91699981689453
2024-03-22,12.11,12.1125,11.8925,11.925,344.5,345.5,337.29998779296875,339.1000061035156,36.29100036621094,36.483001708984375,36.24599838256836,36.29100036621094
2024-03-25,11.94,12.1,11.885,12.0925,338.8999938964844,342.79998779296875,336.6000061035156,341.70001220703125,36.3390007019043,36.459999084472656,36.21699905395508,36.3390007019043
2024-03-26,12.075,12.08,11.9775,11.99,341.5,341.70001220703125,338.5,339.79998779296875,36.34000015258789,36.4109992980957,36.22999954223633,36.34000015258789
2024-03-27,11.9675,11.98,11.895,11.925,339.20001220703125,341.8999938964844,338.20001220703125,339.0,36.310001373291016,36.49300003051758,36.29399871826172,36.310001373291016
2024-03-28,11.9175,11.995,11.77,11.915,338.79998779296875,339.29998779296875,332.79998779296875,337.70001220703125,36.400001525878906,36.53099822998047,36.34999847412109,36.400001525878906
2024-04-01,11.9625,12.0175,11.815,11.8575,338.29998779296875,338.70001220703125,331.29998779296875,333.3999938964844,36.40299987792969,36.630001068115234,36.31800079345703,36.40299987792969
2024-04-02,11.855,11.9975,11.71,11.74,333.29998779296875,334.5,327.0,328.29998779296875,36.59000015258789,36.68999862670898,36.55899810791016,36.59000015258789
2024-04-03,11.755,11.8675,11.685,11.8225,328.5,331.3999938964844,325.1000061035156,330.0,36.571998596191406,36.7599983215332,36.55199813842773,36.571998596191406
2024-04-04,11.8225,11.8675,11.7025,11.8,330.0,333.8999938964844,327.79998779296875,333.5,36.58200073242188,36.7400016784668,36.547000885009766,36.58200073242188
2024-04-05,11.78,11.9075,11.73,11.85,331.5,335.6000061035156,329.6000061035156,333.1000061035156,36.678001403808594,36.83399963378906,36.5359992980957,36.678001403808594
2024-04-08,11.8775,11.9325,11.805,11.815,333.1000061035156,338.29998779296875,332.29998779296875,336.0,36.65999984741211,36.78200149536133,36.560001373291016,36.65999984741211
2024-04-09,11.815,11.8425,11.72,11.745,335.6000061035156,338.5,332.29998779296875,335.6000061035156,36.68999862670898,36.72999954223633,36.26399993896485,36.68999862670898
2024-04-10,11.7475,11.8075,11.63,11.6475,335.6000061035156,336.8999938964844,330.6000061035156,330.8999938964844,36.33000183105469,36.67300033569336,36.24700164794922,36.33000183105469
2024-04-11,11.6375,11.6625,11.51,11.5925,330.8999938964844,336.29998779296875,330.20001220703125,335.6000061035156,36.71900177001953,36.76900100708008,36.42900085449219,36.71900177001953
2024-04-12,11.585,11.7975,11.54,11.74,335.20001220703125,345.1000061035156,334.79998779296875,344.3999938964844,36.4109992980957,36.619998931884766,36.32500076293945,36.4109992980957
2024-04-15,11.7325,11.76,11.555,11.5825,343.8999938964844,344.6000061035156,336.6000061035156,338.5,36.619998931884766,36.81999969482422,36.60900115966797,36.619998931884766
2024-04-16,11.5725,11.63,11.4325,11.45,338.6000061035156,341.5,335.20001220703125,335.29998779296875,36.7599983215332,36.86299896240234,36.56800079345703,36.7599983215332
2024-04-17,11.45,11.5525,11.4175,11.495,335.70001220703125,340.70001220703125,335.29998779296875,338.70001220703125,36.66600036621094,36.88999938964844,36.619998931884766,36.66600036621094
2024-04-18,11.49,11.4975,11.33,11.3425,338.70001220703125,340.1000061035156,336.20001220703125,338.0,36.77000045776367,36.82799911499024,36.667999267578125,36.77000045776367
2024-04-19,11.34,11.53,11.3175,11.505,337.79998779296875,345.79998779296875,337.6000061035156,343.70001220703125,36.79600143432617,36.900001525878906,36.797000885009766,36.79600143432617
2024-04-22,11.4775,11.67,11.445,11.61,342.5,346.70001220703125,338.8999938964844,344.29998779296875,36.880001068115234,37.09000015258789,36.86000061035156,36.869998931884766
2024-04-23,11.61,11.69,11.58,11.675,344.0,348.29998779296875,342.5,345.20001220703125,37.06800079345703,37.08700180053711,36.85900115966797,37.06800079345703
2024-04-24,11.665,11.775,11.64,11.66,345.20001220703125,351.0,344.8999938964844,346.0,36.887001037597656,37.09000015258789,36.82899856567383,36.887001037597656
2024-04-25,11.6475,11.665,11.505,11.6275,346.5,346.6000061035156,340.6000061035156,343.8999938964844,37.04100036621094,37.16999816894531,36.9630012512207,37.04100036621094
2024-04-26,11.6225,11.64,11.55,11.595,343.6000061035156,343.6000061035156,339.5,340.0,37.00699996948242,37.060001373291016,36.87699890136719,37.00699996948242
2024-04-29,11.585,11.7175,11.57,11.6075,339.1000061035156,350.20001220703125,336.8999938964844,348.29998779296875,36.98199844360352,37.08000183105469,36.96500015258789,36.98199844360352
2024-04-30,11.5875,11.63,11.41,11.455,348.20001220703125,353.70001220703125,341.29998779296875,346.29998779296875,36.999000549316406,37.15999984741211,37.0,36.999000549316406
2024-05-01,11.45,11.5625,11.41,11.5575,342.8999938964844,343.20001220703125,339.1000061035156,342.6000061035156,37.17599868774414,37.2599983215332,37.04399871826172,37.17599868774414
2024-05-02,11.5575,12.0,11.5575,11.9,343.79998779296875,358.70001220703125,343.1000061035156,357.1000061035156,36.9640007019043,37.04999923706055,36.83399963378906,36.9640007019043
2024-05-03,11.93,12.02,11.93,12.0175,360.2999877929688,367.5,360.2999877929688,366.5,36.79999923706055,36.83599853515625,36.428001403808594,36.79999923706055
2024-05-06,11.97,12.365,11.97,12.3475,366.0,381.8999938964844,365.8999938964844,381.2000122070313,36.7599983215332,36.78200149536133,36.63899993896485,36.720001220703125
2024-05-07,12.345,12.405,12.3,12.3225,381.7000122070313,381.8999938964844,377.3999938964844,377.3999938964844,36.75,36.900001525878906,36.69900131225586,36.75
2024-05-08,12.335,12.335,12.1125,12.1275,375.2000122070313,376.8999938964844,374.7999877929688,374.7999877929688,36.93999862670898,37.01800155639648,36.87900161743164,36.93999862670898
2024-05-09,12.165,12.18,11.925,11.9275,376.0,376.0,367.6000061035156,368.0,36.917999267578125,36.97999954223633,36.73099899291992,36.917999267578125
2024-05-10,11.9675,12.05,11.95,12.05,368.2000122070313,371.8999938964844,364.2000122070313,367.0,36.70000076293945,36.81999969482422,36.65999984741211,36.70000076293945
2024-05-13,12.055,12.055,12.055,12.055,369.2000122070313,369.8999938964844,361.6000061035156,361.6000061035156,36.790000915527344,36.83000183105469,36.65999984741211,36.790000915527344
2024-05-14,11.99,11.99,11.99,11.99,362.7999877929688,363.6000061035156,362.7999877929688,363.6000061035156,36.7760009765625,36.82099914550781,36.5369987487793,36.7760009765625
2024-05-15,12.15,12.3225,12.095,12.135,373.2000122070313,381.7000122070313,370.7999877929688,371.7000122070313,36.55699920654297,36.58000183105469,36.34999847412109,36.55699920654297
2024-05-16,12.14,12.1975,12.1,12.1625,371.7000122070313,372.6000061035156,366.7000122070313,367.7000122070313,36.2599983215332,36.27999877929688,36.02899932861328,36.2599983215332
2024-05-17,12.165,12.3125,12.1525,12.28,368.5,372.3999938964844,366.0,368.7999877929688,36.18999862670898,36.30899810791016,36.018001556396484,36.18999862670898
2024-05-20,12.2725,12.5075,12.24,12.48,368.6000061035156,375.6000061035156,365.6000061035156,374.1000061035156,36.119998931884766,36.220001220703125,35.83000183105469,36.119998931884766
2024-05-21,12.465,12.4925,12.3,12.3625,373.8999938964844,375.2999877929688,367.7999877929688,372.2999877929688,36.125,36.36199951171875,36.119998931884766,36.125
2024-05-22,12.35,12.4975,12.3325,12.4625,371.8999938964844,379.1000061035156,369.5,378.2000122070313,36.354000091552734,36.470001220703125,36.31100082397461,36.354000091552734
2024-05-23,12.4575,12.5825,12.36,12.3925,378.2000122070313,382.0,374.6000061035156,376.7000122070313,36.4900016784668,36.630001068115234,36.428001403808594,36.4900016784668
2024-05-24,12.39,12.51,12.36,12.48,377.0,387.8999938964844,376.1000061035156,386.5,36.63199996948242,36.75,36.60599899291992,36.63199996948242
2024-05-28,12.5025,12.5475,12.2625,12.295,387.0,391.2999877929688,374.2000122070313,376.6000061035156,36.54999923706055,36.63999938964844,36.50899887084961,36.54999923706055
2024-05-29,12.29,12.3125,12.125,12.14,377.5,378.8999938964844,368.2000122070313,369.1000061035156,36.573001861572266,36.810001373291016,36.57600021362305,36.573001861572266
2024-05-30,12.13,12.2,12.0725,12.0975,369.1000061035156,374.1000061035156,362.2999877929688,363.6000061035156,36.77999877929688,36.959999084472656,36.63800048828125,36.77999877929688
2024-05-31,12.0975,12.2375,12.0275,12.05,365.3999938964844,370.1000061035156,362.2999877929688,364.7000122070313,36.680999755859375,36.83000183105469,36.63999938964844,36.680999755859375
2024-06-03,12.0425,12.055,11.825,11.845,364.7000122070313,364.7000122070313,358.3999938964844,359.5,36.75,36.90999984741211,36.60900115966797,36.75
2024-06-04,11.84,11.895,11.76,11.79,359.79998779296875,360.2999877929688,354.70001220703125,355.1000061035156,36.573001861572266,36.650001525878906,36.47600173950195,36.573001861572266
2024-06-05,11.8025,11.9175,11.7525,11.7725,355.5,365.5,355.0,359.5,36.55400085449219,36.720001220703125,36.5,36.55400085449219
2024-06-06,11.765,12.045,11.76,12.0,359.29998779296875,365.1000061035156,358.8999938964844,362.7999877929688,36.56999969482422,36.58000183105469,36.402000427246094,36.56999969482422
2024-06-07,12.005,12.025,11.7425,11.7925,362.7999877929688,364.0,354.70001220703125,360.7000122070313,36.39500045776367,36.79999923706055,36.31999969482422,36.39500045776367
2024-06-10,11.7925,11.9075,11.755,11.8825,360.5,369.2000122070313,360.1000061035156,368.0,36.90999984741211,36.94900131225586,36.678001403808594,36.90999984741211
2024-06-11,11.8825,11.93,11.77,11.78,368.2000122070313,371.3999938964844,358.20001220703125,359.29998779296875,36.709999084472656,36.79100036621094,36.650001525878906,36.709999084472656
2024-06-12,11.7725,11.865,11.71,11.7725,358.6000061035156,365.0,358.0,360.20001220703125,36.70800018310547,36.7599983215332,36.38399887084961,36.70800018310547
2024-06-13,11.77,11.9125,11.71,11.895,360.20001220703125,369.3999938964844,359.0,368.2999877929688,36.619998931884766,36.81999969482422,36.52000045776367,36.619998931884766
2024-06-14,11.8875,11.89,11.78,11.7975,368.1000061035156,372.6000061035156,365.2999877929688,368.3999938964844,36.749000549316406,36.79999923706055,36.62900161743164,36.749000549316406
2024-06-17,11.79,11.79,11.575,11.5775,367.3999938964844,367.3999938964844,359.6000061035156,360.2999877929688,36.68000030517578,36.84999847412109,36.62699890136719,36.68000030517578
2024-06-18,11.5825,11.7575,11.565,11.74,360.7999877929688,366.6000061035156,360.7999877929688,364.6000061035156,36.810001373291016,36.84999847412109,36.650001525878906,36.810001373291016
2024-06-20,11.73,11.7575,11.55,11.5525,365.0,367.1000061035156,357.20001220703125,357.6000061035156,36.66699981689453,36.77999877929688,36.6259994506836,36.66699981689453
2024-06-21,11.56,11.6875,11.56,11.605,358.79998779296875,364.8999938964844,358.5,361.7999877929688,36.71699905395508,36.77000045776367,36.608001708984375,36.71699905395508
2024-06-24,11.605,11.795,11.5625,11.7525,362.0,375.2000122070313,361.2999877929688,372.7999877929688,36.7599983215332,36.80799865722656,36.59000015258789,36.7599983215332
2024-06-25,11.75,11.8,11.5775,11.6325,372.7999877929688,374.2000122070313,362.1000061035156,365.2999877929688,36.59799957275391,36.72999954223633,36.540000915527344,36.59799957275391
2024-06-26,11.63,11.775,11.6,11.6275,365.2999877929688,372.8999938964844,360.0,360.8999938964844,36.72999954223633,36.93999862670898,36.70600128173828,36.72999954223633
2024-06-27,11.615,11.695,11.5075,11.5225,361.5,365.7000122070313,357.29998779296875,361.1000061035156,36.93299865722656,36.98699951171875,36.70199966430664,36.93299865722656
2024-06-28,11.52,11.67,11.4625,11.505,362.0,363.7000122070313,359.0,360.5,36.81999969482422,36.900001525878906,36.62799835205078,36.81999969482422
2024-07-01,11.4825,11.6175,11.4825,11.595,360.5,366.1000061035156,359.0,365.7000122070313,36.66999816894531,36.77099990844727,36.63999938964844,36.66999816894531
2024-07-02,11.5925,11.75,11.5925,11.65,366.2000122070313,370.7999877929688,366.2000122070313,368.8999938964844,36.71500015258789,36.85200119018555,36.7130012512207,36.71500015258789
2024-07-03,11.6225,11.8025,11.62,11.765,369.0,372.2000122070313,367.1000061035156,370.5,36.810001373291016,36.8759994506836,36.54399871826172,36.810001373291016
2024-07-05,11.7225,11.915,11.7225,11.885,378.7999877929688,388.8999938964844,377.5,387.0,36.630001068115234,36.6259994506836,36.44300079345703,36.630001068115234
2024-07-08,11.8175,11.8175,11.6725,11.7425,386.5,386.5,377.2999877929688,379.5,36.5,36.4900016784668,36.33100128173828,36.5
2024-07-09,11.77,11.85,11.6,11.615,378.5,381.7999877929688,375.8999938964844,376.2000122070313,36.38999938964844,36.470001220703125,36.3390007019043,36.38999938964844
2024-07-10,11.6525,11.6525,11.3575,11.4125,379.0,379.0,374.5,376.2999877929688,36.40999984741211,36.45199966430664,36.26499938964844,36.40999984741211
2024-07-11,11.45,11.45,11.37,11.4275,377.3999938964844,380.5,375.0,378.3999938964844,36.31999969482422,36.33000183105469,34.882999420166016,36.31999969482422
2024-07-12,11.345,11.345,11.345,11.345,373.1000061035156,373.1000061035156,368.5,368.5,36.02899932861328,36.25,34.78900146484375,36.02899932861328
2024-07-15,11.0,11.01,10.7575,10.78,338.0,338.0,332.79998779296875,333.79998779296875,36.18000030517578,36.2400016784668,35.89400100708008,36.18000030517578
2024-07-16,10.7675,10.965,10.7675,10.905,333.79998779296875,338.29998779296875,332.20001220703125,335.3999938964844,36.11000061035156,36.25,36.000999450683594,36.11000061035156
2024-07-17,10.9,11.025,10.9,10.9725,335.6000061035156,339.5,333.0,339.1000061035156,35.97600173950195,36.02000045776367,35.78300094604492,35.97600173950195
2024-07-18,10.975,11.01,10.89,10.985,339.6000061035156,341.3999938964844,336.0,337.20001220703125,35.867000579833984,36.040000915527344,35.85300064086914,35.867000579833984
2024-07-19,10.98,11.0775,10.95,10.9725,337.20001220703125,340.3999938964844,336.29998779296875,336.79998779296875,36.13999938964844,36.34999847412109,36.13899993896485,36.13999938964844
2024-07-22,11.005,11.1975,11.005,11.1775,336.79998779296875,344.0,336.79998779296875,343.6000061035156,36.27999877929688,36.36299896240234,36.2239990234375,36.27999877929688
2024-07-23,11.165,11.29,11.11,11.175,343.6000061035156,346.0,340.1000061035156,342.70001220703125,36.29999923706055,36.31800079345703,36.1259994506836,36.29999923706055
2024-07-24,11.1525,11.2325,11.045,11.11,342.70001220703125,347.8999938964844,340.3999938964844,343.3999938964844,36.13999938964844,36.18000030517578,35.90399932861328,36.13999938964844
2024-07-25,11.11,11.205,11.035,11.16,343.8999938964844,353.20001220703125,341.8999938964844,352.3999938964844,36.09799957275391,36.242000579833984,36.02999877929688,36.09799957275391
2024-07-26,11.1325,11.1725,10.715,10.775,352.3999938964844,354.79998779296875,349.29998779296875,353.29998779296875,36.209999084472656,36.2599983215332,35.85300064086914,36.209999084472656
2024-07-29,10.7375,10.7375,10.3075,10.5475,350.8999938964844,357.0,347.20001220703125,355.5,35.970001220703125,36.02000045776367,35.81999969482422,35.970001220703125
2024-07-30,10.5475,10.59,10.2375,10.2725,356.0,357.0,349.29998779296875,352.0,35.93000030517578,36.060001373291016,35.895999908447266,35.93000030517578
2024-07-31,10.2725,10.485,10.205,10.285,351.0,355.6000061035156,349.20001220703125,354.1000061035156,35.8380012512207,35.89899826049805,35.47999954223633,35.8380012512207
2024-08-01,10.3,10.34,10.195,10.22,354.20001220703125,356.6000061035156,351.6000061035156,355.8999938964844,35.5,35.61899948120117,35.41999816894531,35.5
2024-08-02,10.22,10.315,10.19,10.2925,355.5,362.2000122070313,354.5,361.5,35.573001861572266,35.61000061035156,35.07899856567383,35.573001861572266
2024-08-05,10.4,10.45,10.215,10.4425,356.29998779296875,362.0,352.3999938964844,360.7000122070313,35.310001373291016,35.40999984741211,35.02899932861328,35.279998779296875
2024-08-06,10.33,10.3825,10.285,10.285,362.7000122070313,362.7000122070313,345.79998779296875,347.70001220703125,35.5,35.59000015258789,35.349998474121094,35.5
2024-08-07,10.2075,10.2325,10.1725,10.2025,351.20001220703125,351.20001220703125,339.3999938964844,340.79998779296875,35.393001556396484,35.709999084472656,35.402000427246094,35.393001556396484
2024-08-08,10.2325,10.2325,10.0975,10.0975,342.20001220703125,342.29998779296875,334.8999938964844,335.29998779296875,35.58000183105469,35.59299850463867,35.196998596191406,35.58000183105469
2024-08-09,10.18,10.28,10.145,10.28,331.20001220703125,331.20001220703125,326.1000061035156,326.29998779296875,35.2599983215332,35.29999923706055,35.14799880981445,35.2599983215332
2024-08-12,10.205,10.3825,10.12,10.12,327.70001220703125,328.8999938964844,316.79998779296875,318.29998779296875,35.220001220703125,35.279998779296875,35.137001037597656,35.220001220703125
2024-08-13,10.03,10.03,9.89,9.89,314.8999938964844,314.8999938964844,306.0,306.6000061035156,35.03200149536133,35.16999816894531,34.9379997253418,35.03200149536133
2024-08-14,9.895,9.8975,9.7975,9.7975,321.1000061035156,321.1000061035156,320.6000061035156,320.6000061035156,34.91400146484375,35.04999923706055,34.805999755859375,34.91400146484375
2024-08-15,9.5175,9.61,9.505,9.515,305.6000061035156,310.3999938964844,305.20001220703125,307.8999938964844,35.06700134277344,35.18399810791016,34.86899948120117,35.06700134277344
2024-08-16,9.505,9.525,9.3625,9.3875,308.0,309.5,302.1000061035156,303.3999938964844,35.04399871826172,35.1619987487793,34.685001373291016,35.04399871826172
2024-08-19,9.38,9.575,9.38,9.5625,302.79998779296875,312.0,302.79998779296875,311.70001220703125,34.58000183105469,34.630001068115234,34.358001708984375,34.58000183105469
2024-08-20,9.5525,9.6625,9.5075,9.5725,312.3999938964844,317.70001220703125,309.70001220703125,312.29998779296875,34.319000244140625,34.38999938964844,34.073001861572266,34.319000244140625
2024-08-21,9.57,9.66,9.555,9.63,312.5,315.79998779296875,310.5,312.5,34.130001068115234,34.34000015258789,34.03300094604492,34.130001068115234
2024-08-22,9.62,9.63,9.4,9.4125,312.5,313.0,305.8999938964844,306.3999938964844,34.290000915527344,34.59700012207031,34.2130012512207,34.290000915527344
2024-08-23,9.4175,9.54,9.4125,9.52,306.3999938964844,307.79998779296875,303.70001220703125,306.29998779296875,34.4900016784668,34.52000045776367,33.902000427246094,34.4900016784668
2024-08-26,9.435,9.6125,9.3925,9.5975,304.70001220703125,312.29998779296875,302.70001220703125,312.1000061035156,33.95000076293945,34.040000915527344,33.86000061035156,33.95000076293945
2024-08-27,9.59,9.7175,9.57,9.675,311.5,318.1000061035156,311.20001220703125,317.29998779296875,33.970001220703125,34.119998931884766,33.970001220703125,33.970001220703125
2024-08-28,9.6825,9.695,9.535,9.585,317.29998779296875,317.29998779296875,309.8999938964844,310.79998779296875,33.91400146484375,34.11000061035156,33.902000427246094,33.91400146484375
2024-08-29,9.5725,9.75,9.57,9.7375,310.5,316.1000061035156,308.0,308.6000061035156,34.042999267578125,34.060001373291016,33.86800003051758,34.042999267578125
2024-08-30,9.745,9.875,9.715,9.82,309.1000061035156,313.20001220703125,305.6000061035156,311.6000061035156,33.88999938964844,34.04199981689453,33.560001373291016,33.88999938964844
2024-09-03,9.7875,10.075,9.7875,9.97,311.79998779296875,322.0,310.1000061035156,319.70001220703125,34.16999816894531,34.31999969482422,33.74300003051758,34.16999816894531
2024-09-04,9.875,10.06,9.875,10.06,319.70001220703125,324.1000061035156,315.0,323.79998779296875,34.25699996948242,34.29399871826172,33.89099884033203,34.25699996948242
2024-09-05,9.995,10.0825,9.995,10.0825,318.0,320.70001220703125,315.6000061035156,320.70001220703125,33.946998596191406,34.013999938964844,32.970001220703125,33.946998596191406
2024-09-06,10.08,10.08,9.8925,9.8925,320.3999938964844,325.20001220703125,318.3999938964844,318.3999938964844,33.58100128173828,33.63999938964844,33.23699951171875,33.58100128173828
2024-09-09,10.0025,10.0025,10.0,10.0,320.29998779296875,321.3999938964844,317.79998779296875,317.79998779296875,33.69300079345703,33.97999954223633,33.619998931884766,33.69300079345703
2024-09-10,9.8025,9.8175,9.775,9.775,318.3999938964844,318.3999938964844,310.3999938964844,310.6000061035156,33.86899948120117,33.930999755859375,33.64899826049805,33.86899948120117
2024-09-11,9.7825,9.7975,9.7825,9.7975,310.6000061035156,313.29998779296875,310.6000061035156,313.29998779296875,33.62900161743164,33.84400177001953,32.97700119018555,33.62900161743164
2024-09-12,9.875,9.915,9.875,9.915,317.0,317.1000061035156,316.1000061035156,316.5,33.790000915527344,33.805999755859375,33.15700149536133,33.790000915527344
2024-09-13,9.8675,9.8675,9.8675,9.8675,315.3999938964844,315.3999938964844,315.3999938964844,315.3999938964844,33.38399887084961,33.38999938964844,32.882999420166016,33.38399887084961
2024-09-16,10.05,10.12,9.99,10.045,318.5,322.20001220703125,316.1000061035156,320.1000061035156,33.222999572753906,33.29999923706055,33.055999755859375,33.222999572753906
2024-09-17,10.0375,10.11,10.02,10.06,319.29998779296875,320.5,316.3999938964844,318.0,33.25,33.369998931884766,33.2140007019043,33.25
2024-09-18,10.07,10.22,10.0625,10.14,318.6000061035156,323.3999938964844,315.29998779296875,317.8999938964844,33.375,33.40999984741211,33.18199920654297,33.375
2024-09-19,10.15,10.1825,10.0675,10.1325,318.0,321.79998779296875,316.8999938964844,319.8999938964844,33.37300109863281,33.51499938964844,32.35900115966797,33.37300109863281
2024-09-20,10.125,10.19,10.0125,10.12,320.0,322.6000061035156,314.1000061035156,317.3999938964844,33.11000061035156,33.150001525878906,32.92100143432617,33.11000061035156
2024-09-23,10.12,10.4175,10.12,10.3925,317.3999938964844,327.6000061035156,317.3999938964844,326.5,32.959999084472656,33.0099983215332,31.927000045776367,32.959999084472656
2024-09-24,10.37,10.5825,10.3275,10.4225,326.5,332.5,322.5,323.6000061035156,32.91999816894531,32.99599838256836,32.52399826049805,32.91999816894531
2024-09-25,10.42,10.545,10.3125,10.5325,323.5,326.70001220703125,320.0,326.1000061035156,32.5629997253418,32.72999954223633,32.457000732421875,32.5629997253418
2024-09-26,10.5175,10.6475,10.3975,10.41,326.0,329.5,322.79998779296875,324.20001220703125,32.77000045776367,32.779998779296875,31.902999877929688,32.77000045776367
2024-09-27,10.3975,10.695,10.3425,10.6575,324.3999938964844,345.6000061035156,322.70001220703125,343.70001220703125,32.36600112915039,32.49100112915039,31.72100067138672,32.36600112915039
2024-09-30,10.6025,10.6975,10.52,10.57,339.1000061035156,348.3999938964844,339.1000061035156,344.29998779296875,32.349998474121094,32.369998931884766,32.12699890136719,32.349998474121094
2024-10-01,10.5575,10.655,10.45,10.5725,344.1000061035156,354.0,343.0,350.0,32.38999938964844,32.63999938964844,31.413000106811523,32.38999938964844
2024-10-02,10.55,10.6375,10.425,10.56,352.20001220703125,352.20001220703125,335.0,341.3999938964844,32.52899932861328,32.93000030517578,31.66699981689453,32.52899932861328
2024-10-03,10.5375,10.5625,10.4175,10.46,341.0,341.0,332.5,332.79998779296875,32.89099884033203,33.220001220703125,32.71699905395508,32.89099884033203
2024-10-04,10.45,10.5525,10.3625,10.3775,332.8999938964844,336.0,330.5,330.5,33.11000061035156,33.44200134277344,31.96699905395508,33.11000061035156
2024-10-07,10.335,10.39,10.265,10.34,330.0,330.0,324.6000061035156,324.79998779296875,33.29999923706055,33.47999954223633,32.93600082397461,33.29999923706055
2024-10-08,10.325,10.395,10.115,10.1625,324.0,324.70001220703125,322.79998779296875,323.6000061035156,33.470001220703125,33.59299850463867,33.38100051879883,33.470001220703125
2024-10-09,10.15,10.2725,10.115,10.2025,323.5,324.6000061035156,322.5,322.5,33.54999923706055,33.56999969482422,33.29999923706055,33.54999923706055
2024-10-10,10.1975,10.255,10.1175,10.1475,321.3999938964844,321.6000061035156,314.0,317.5,33.52000045776367,33.60699844360352,33.43000030517578,33.52000045776367
2024-10-11,10.145,10.2375,10.04,10.055,318.70001220703125,321.5,316.5,316.5,33.430999755859375,33.45000076293945,33.11199951171875,33.430999755859375
2024-10-14,10.02,10.085,9.955,9.96,316.5,316.5,316.5,316.5,33.2599983215332,33.310001373291016,33.099998474121094,33.2599983215332
2024-10-15,9.95,9.96,9.81,9.91,315.6000061035156,316.3999938964844,308.79998779296875,311.79998779296875,33.2239990234375,33.441001892089844,33.209999084472656,33.2239990234375
2024-10-16,9.91,10.015,9.7825,9.8,312.1000061035156,316.0,311.70001220703125,313.70001220703125,33.290000915527344,33.380001068115234,33.11800003051758,33.290000915527344
2024-10-17,9.7875,9.9125,9.6825,9.8875,313.70001220703125,318.79998779296875,311.79998779296875,318.1000061035156,33.176998138427734,33.26100158691406,32.9370002746582,33.176998138427734
2024-10-18,9.895,9.955,9.6925,9.7,318.5,323.29998779296875,315.20001220703125,315.6000061035156,33.14400100708008,33.20000076293945,33.053001403808594,33.14400100708008
2024-10-21,9.7,9.8375,9.69,9.81,315.6000061035156,319.6000061035156,315.3999938964844,318.29998779296875,33.09000015258789,33.52000045776367,33.073001861572266,33.09000015258789
2024-10-22,9.805,9.97,9.7675,9.9175,318.3999938964844,320.20001220703125,315.29998779296875,317.70001220703125,33.5099983215332,33.560001373291016,33.45000076293945,33.5099983215332
2024-10-23,9.92,9.9975,9.85,9.975,318.0,320.1000061035156,314.1000061035156,315.0,33.5099983215332,33.83000183105469,33.500999450683594,33.5099983215332
2024-10-24,9.975,10.1225,9.9425,9.9625,314.5,317.3999938964844,310.1000061035156,310.3999938964844,33.77799987792969,33.834999084472656,33.02000045776367,33.77799987792969
2024-10-25,9.9625,9.9625,9.84,9.8775,311.3999938964844,311.3999938964844,305.0,305.79998779296875,33.672000885009766,33.81999969482422,33.61199951171875,33.672000885009766
2024-10-28,9.84,9.855,9.735,9.74,305.79998779296875,307.3999938964844,302.70001220703125,304.79998779296875,33.75400161743164,33.8650016784668,33.68000030517578,33.75400161743164
2024-10-29,9.7475,9.805,9.65,9.6525,305.3999938964844,306.6000061035156,301.0,301.79998779296875,33.7599983215332,33.83100128173828,33.507999420166016,33.7599983215332
2024-10-30,9.65,9.79,9.6375,9.765,301.70001220703125,304.0,300.5,301.6000061035156,33.630001068115234,33.79999923706055,33.61000061035156,33.630001068115234
2024-10-31,9.775,9.855,9.755,9.825,301.5,302.70001220703125,298.8999938964844,299.5,33.749000549316406,33.882999420166016,33.68000030517578,33.749000549316406
2024-11-01,9.8425,9.9725,9.7825,9.825,299.6000061035156,301.0,293.79998779296875,295.29998779296875,33.8129997253418,33.95199966430664,33.77000045776367,33.8129997253418
2024-11-04,9.9,9.95,9.825,9.8725,295.29998779296875,302.5,294.8999938964844,299.6000061035156,33.86399841308594,33.88100051879883,33.637001037597656,33.86399841308594
2024-11-05,9.9225,9.9675,9.91,9.9375,299.6000061035156,300.5,297.0,299.5,33.76300048828125,33.790000915527344,33.3650016784668,33.76300048828125
2024-11-06,9.9175,9.975,9.73,9.945,299.0,299.1000061035156,293.1000061035156,298.3999938964844,33.472999572753906,34.382999420166016,33.46900177001953,33.472999572753906
2024-11-07,9.97,10.155,9.8975,10.155,298.3999938964844,303.0,295.0,298.5,34.0,34.060001373291016,33.91999816894531,34.347999572753906
2024-11-08,10.15,10.3,10.06,10.1675,298.6000061035156,302.6000061035156,295.0,296.20001220703125,33.97999954223633,34.2400016784668,33.95600128173828,33.97999954223633
2024-11-11,10.2075,10.2575,10.11,10.1175,297.3999938964844,302.20001220703125,294.5,295.1000061035156,34.266998291015625,34.58100128173828,34.220001220703125,34.266998291015625
2024-11-12,10.1175,10.1175,9.9875,10.035,295.29998779296875,296.8999938964844,291.29998779296875,292.8999938964844,34.459999084472656,34.8650016784668,34.479000091552734,34.459999084472656
2024-11-13,10.0125,10.0425,9.99,10.0425,293.0,293.8999938964844,289.79998779296875,291.6000061035156,34.83000183105469,34.900001525878906,33.28099822998047,34.83000183105469
2024-11-14,9.9025,9.9025,9.8575,9.8575,291.6000061035156,291.79998779296875,285.8999938964844,287.0,34.95000076293945,35.15999984741211,34.77799987792969,34.95000076293945
2024-11-15,9.88,10.0525,9.8725,9.985,287.5,290.1000061035156,285.29998779296875,289.6000061035156,34.97200012207031,35.060001373291016,34.26300048828125,34.97200012207031
2024-11-18,10.025,10.115,9.895,10.0975,290.0,291.8999938964844,287.70001220703125,290.29998779296875,34.75699996948242,34.869998931884766,34.61100006103516,34.75699996948242
2024-11-19,10.0975,10.1275,9.9525,9.985,290.5,293.0,287.70001220703125,288.6000061035156,34.57899856567383,34.66600036621094,34.46799850463867,34.57899856567383
2024-11-20,9.985,10.015,9.8525,9.905,289.29998779296875,290.8999938964844,287.1000061035156,289.3999938964844,34.49300003051758,34.744998931884766,34.46900177001953,34.49300003051758
2024-11-21,9.91,9.9875,9.7625,9.7775,290.0,290.8999938964844,287.20001220703125,287.70001220703125,34.630001068115234,34.72600173950195,34.571998596191406,34.630001068115234
2024-11-22,9.8075,9.8525,9.7525,9.835,288.29998779296875,290.1000061035156,286.6000061035156,289.20001220703125,34.720001220703125,34.78099822998047,34.459999084472656,34.720001220703125
2024-11-25,9.875,9.9325,9.83,9.8575,289.5,296.8999938964844,289.5,293.70001220703125,34.41999816894531,34.67599868774414,34.310001373291016,34.41999816894531
2024-11-26,9.8,9.9125,9.7675,9.835,292.70001220703125,293.6000061035156,287.5,288.1000061035156,34.6510009765625,34.779998779296875,34.49599838256836,34.6510009765625
2024-11-27,9.84,9.9425,9.8325,9.8875,288.1000061035156,294.0,287.70001220703125,290.5,34.71200180053711,34.749000549316406,34.37300109863281,34.71200180053711
2024-11-29,9.9325,9.98,9.8275,9.895,289.79998779296875,289.79998779296875,286.1000061035156,287.1000061035156,34.400001525878906,34.41999816894531,34.180999755859375,34.400001525878906
2024-12-02,9.895,9.905,9.775,9.8525,288.3999938964844,289.0,283.20001220703125,283.3999938964844,34.35100173950195,34.540000915527344,34.35100173950195,34.35100173950195
2024-12-03,9.85,9.99,9.835,9.9175,283.79998779296875,287.3999938964844,283.79998779296875,286.0,34.4739990234375,34.56100082397461,34.29199981689453,34.4739990234375
2024-12-04,9.915,9.92,9.805,9.8375,286.0,288.0,286.0,288.0,34.33000183105469,34.40800094604492,34.17399978637695,34.33000183105469
2024-12-05,9.835,9.9475,9.8225,9.9375,288.3999938964844,288.79998779296875,286.3999938964844,287.3999938964844,34.21200180053711,34.26900100708008,33.999000549316406,34.21200180053711
2024-12-06,9.93,9.975,9.8775,9.9375,286.0,286.1000061035156,282.6000061035156,283.79998779296875,34.06999969482422,34.189998626708984,33.88999938964844,34.06999969482422
2024-12-09,9.9225,10.035,9.8575,9.9,287.8999938964844,287.8999938964844,285.29998779296875,286.1000061035156,34.03099822998047,34.099998474121094,33.64400100708008,34.060001373291016
2024-12-10,9.9,10.0,9.885,9.9475,287.3999938964844,289.0,287.3999938964844,288.79998779296875,33.75400161743164,33.84000015258789,33.62699890136719,33.75400161743164
2024-12-11,9.94,10.01,9.88,9.955,289.6000061035156,289.6000061035156,287.5,288.0,33.707000732421875,33.922000885009766,33.650001525878906,33.707000732421875
2024-12-12,9.95,9.9825,9.885,9.9575,287.70001220703125,288.1000061035156,285.5,286.5,33.797000885009766,33.987998962402344,33.7400016784668,33.797000885009766
2024-12-13,9.9425,9.95,9.86,9.8825,284.5,284.5,284.1000061035156,284.1000061035156,33.91999816894531,34.18000030517578,33.90999984741211,33.91999816894531
2024-12-16,9.875,9.935,9.81,9.82,286.20001220703125,291.20001220703125,286.1000061035156,286.8999938964844,34.09199905395508,34.18000030517578,34.020999908447266,34.09199905395508
2024-12-17,9.825,9.8625,9.705,9.7675,286.8999938964844,288.70001220703125,284.20001220703125,287.20001220703125,34.042999267578125,34.290000915527344,33.999000549316406,34.042999267578125
2024-12-18,9.7675,9.775,9.5025,9.5175,287.20001220703125,287.5,279.29998779296875,279.5,34.18000030517578,34.29800033569336,34.13999938964844,34.18000030517578
2024-12-19,9.5025,9.6475,9.4525,9.63,279.8999938964844,285.0,278.5,284.1000061035156,34.58000183105469,34.66999816894531,34.459999084472656,34.58000183105469
2024-12-20,9.625,9.775,9.6,9.745,284.1000061035156,295.5,283.29998779296875,294.5,34.58000183105469,34.63100051879883,34.25199890136719,34.58000183105469
2024-12-23,9.745,9.7925,9.68,9.695,295.3999938964844,298.8999938964844,289.20001220703125,289.5,34.25699996948242,34.31999969482422,34.11600112915039,34.25699996948242
2024-12-24,9.6825,9.7575,9.66,9.7525,289.70001220703125,293.70001220703125,289.0,292.8999938964844,34.279998779296875,34.29999923706055,34.0880012512207,34.279998779296875
2024-12-26,9.79,9.8975,9.75,9.88,295.0,306.5,294.6000061035156,305.70001220703125,34.17599868774414,34.27000045776367,34.077999114990234,34.17599868774414
2024-12-27,9.865,9.8925,9.7925,9.8,305.79998779296875,306.6000061035156,300.6000061035156,300.8999938964844,34.119998931884766,34.220001220703125,33.91999816894531,34.119998931884766
2024-12-30,9.835,9.9475,9.7475,9.82,302.3999938964844,308.29998779296875,301.0,302.6000061035156,33.9900016784668,34.2599983215332,33.917999267578125,33.9900016784668
2024-12-31,9.805,9.995,9.8,9.9825,303.8999938964844,308.3999938964844,303.70001220703125,307.6000061035156,34.138999938964844,34.349998474121094,34.125999450683594,34.138999938964844
2025-01-02,9.965,10.04,9.9075,9.995,307.20001220703125,312.3999938964844,305.8999938964844,310.8999938964844,34.290000915527344,34.4010009765625,34.13999938964844,34.290000915527344
2025-01-03,10.0225,10.0225,9.7875,9.81,310.8999938964844,310.8999938964844,299.1000061035156,299.8999938964844,34.380001068115234,34.54999923706055,34.34000015258789,34.380001068115234
2025-01-06,9.8275,9.975,9.8275,9.925,303.29998779296875,304.70001220703125,297.79998779296875,298.6000061035156,34.43299865722656,34.678001403808594,34.35699844360352,34.43299865722656
2025-01-07,9.91,9.9325,9.825,9.9225,295.70001220703125,295.70001220703125,293.5,295.29998779296875,34.619998931884766,34.66999816894531,34.292999267578125,34.619998931884766
2025-01-08,9.94,9.94,9.8575,9.875,291.1000061035156,292.8999938964844,290.79998779296875,292.6000061035156,34.560001373291016,34.720001220703125,34.529998779296875,34.560001373291016
2025-01-09,9.8275,9.9225,9.805,9.9225,291.0,293.1000061035156,290.79998779296875,291.79998779296875,34.60300064086914,34.71799850463867,34.53300094604492,34.60300064086914
2025-01-10,9.92,10.185,9.92,10.135,290.1000061035156,293.0,287.79998779296875,290.6000061035156,34.51300048828125,34.76599884033203,34.42300033569336,34.51300048828125
2025-01-13,10.22,10.44,10.215,10.415,296.70001220703125,300.20001220703125,296.70001220703125,300.20001220703125,34.60499954223633,34.83000183105469,34.60499954223633,34.60499954223633
2025-01-14,10.43,10.49,10.35,10.43,298.3999938964844,298.3999938964844,298.3999938964844,298.3999938964844,34.6510009765625,34.790000915527344,34.630001068115234,34.6510009765625
2025-01-15,10.46,10.54,10.3975,10.4275,305.5,309.29998779296875,301.3999938964844,302.0,34.689998626708984,34.810001373291016,34.52299880981445,34.689998626708984
2025-01-16,10.42,10.4275,10.185,10.19,301.79998779296875,302.0,293.5,294.3999938964844,34.53799819946289,34.650001525878906,34.46500015258789,34.53799819946289
2025-01-17,10.19,10.39,10.19,10.34,295.5,299.29998779296875,294.1000061035156,297.20001220703125,34.53799819946289,34.59000015258789,34.34000015258789,34.53799819946289
2025-01-21,10.45,10.68,10.39,10.6725,299.0,311.3999938964844,299.0,311.0,34.07400131225586,34.17100143432617,33.928001403808594,34.07400131225586
2025-01-22,10.66,10.735,10.5175,10.56,311.0,318.5,307.5,315.79998779296875,33.974998474121094,33.98099899291992,33.779998779296875,33.974998474121094
2025-01-23,10.55,10.7625,10.4775,10.655,315.70001220703125,319.0,313.0,315.29998779296875,33.87099838256836,34.040000915527344,33.832000732421875,33.87099838256836
2025-01-24,10.51,10.63,10.4675,10.5575,309.5,311.1000061035156,303.5,304.8999938964844,33.98199844360352,33.999000549316406,33.52799987792969,33.98199844360352
2025-01-27,10.5,10.51,10.4,10.45,302.5,303.5,298.8999938964844,300.79998779296875,33.67300033569336,33.79999923706055,33.56399917602539,33.67300033569336
2025-01-28,10.4275,10.5075,10.41,10.45,301.0,303.8999938964844,298.6000061035156,301.6000061035156,33.8650016784668,33.96500015258789,33.790000915527344,33.8650016784668
2025-01-29,10.45,10.6175,10.445,10.605,302.0,310.79998779296875,301.6000061035156,309.79998779296875,33.810001373291016,33.83000183105469,33.66999816894531,33.810001373291016
2025-01-30,10.6,10.605,10.42,10.44,310.1000061035156,310.29998779296875,303.70001220703125,304.70001220703125,33.720001220703125,33.797000885009766,33.56999969482422,33.720001220703125
2025-01-31,10.4275,10.52,10.34,10.42,304.0,306.5,299.0,301.1000061035156,33.61000061035156,33.698001861572266,33.47100067138672,33.61000061035156
2025-02-03,10.32,10.6025,10.3175,10.5825,298.6000061035156,304.20001220703125,295.29998779296875,303.70001220703125,34.0,34.15299987792969,33.77000045776367,34.0
2025-02-04,10.575,10.7725,10.4825,10.75,304.0,314.8999938964844,304.0,314.0,33.849998474121094,33.9640007019043,33.61600112915039,33.849998474121094
2025-02-05,10.735,10.7975,10.53,10.57,313.79998779296875,314.70001220703125,306.8999938964844,308.29998779296875,33.66999816894531,33.750999450683594,33.48400115966797,33.66999816894531
2025-02-06,10.5725,10.665,10.4975,10.605,308.29998779296875,310.5,303.29998779296875,306.3999938964844,33.54999923706055,33.854000091552734,33.53499984741211,33.54999923706055
2025-02-07,10.605,10.6375,10.475,10.495,306.0,307.0,300.5,301.3999938964844,33.77000045776367,33.821998596191406,33.5880012512207,33.77000045776367
2025-02-10,10.465,10.5225,10.43,10.495,301.0,302.79998779296875,299.20001220703125,300.5,33.875,33.95199966430664,33.810001373291016,33.875
2025-02-11,10.49,10.57,10.415,10.435,300.5,302.8999938964844,296.3999938964844,296.6000061035156,33.941001892089844,34.125,33.91999816894531,33.941001892089844
2025-02-12,10.435,10.47,10.245,10.2775,296.8999938964844,298.0,293.3999938964844,294.1000061035156,34.03300094604492,34.23500061035156,34.029998779296875,34.03300094604492
2025-02-13,10.285,10.325,10.24,10.3,294.0,296.20001220703125,291.6000061035156,292.70001220703125,34.0,34.029998779296875,33.70000076293945,34.0
2025-02-14,10.3,10.4675,10.295,10.36,292.70001220703125,300.5,292.1000061035156,295.8999938964844,33.65999984741211,33.72999954223633,33.566001892089844,33.65999984741211
2025-02-18,10.33,10.4175,10.26,10.385,295.29998779296875,298.0,293.20001220703125,293.79998779296875,33.68000030517578,33.810001373291016,33.597999572753906,33.68000030517578
2025-02-19,10.37,10.4775,10.2925,10.3175,293.79998779296875,298.0,292.1000061035156,294.70001220703125,33.63999938964844,33.77000045776367,33.619998931884766,33.63999938964844
2025-02-20,10.3225,10.46,10.3175,10.455,294.70001220703125,297.3999938964844,293.3999938964844,296.0,33.72999954223633,33.7400016784668,33.53099822998047,33.72999954223633
2025-02-21,10.4375,10.4925,10.365,10.395,296.0,297.0,293.29998779296875,294.79998779296875,33.540000915527344,33.66299819946289,33.529998779296875,33.540000915527344
2025-02-24,10.3825,10.43,10.27,10.29,294.5,296.3999938964844,291.5,291.79998779296875,33.53400039672852,33.560001373291016,33.369998931884766,33.53400039672852
2025-02-25,10.29,10.35,10.195,10.3125,291.8999938964844,294.3999938964844,289.1000061035156,293.79998779296875,33.52000045776367,33.83000183105469,33.48699951171875,33.52000045776367
2025-02-26,10.3,10.3275,10.2125,10.245,293.70001220703125,295.6000061035156,291.5,293.3999938964844,33.75600051879883,33.87799835205078,33.66999816894531,33.75600051879883
2025-02-27,10.24,10.34,10.21,10.2275,293.20001220703125,295.6000061035156,290.70001220703125,290.8999938964844,33.7400016784668,34.08000183105469,33.729000091552734,33.7400016784668
2025-02-28,10.2325,10.315,10.11,10.115,291.5,292.3999938964844,288.5,291.70001220703125,34.04999923706055,34.279998779296875,33.97999954223633,34.04999923706055
2025-03-03,10.12,10.145,9.9525,9.9825,293.29998779296875,293.5,289.29998779296875,290.1000061035156,34.202999114990234,34.31999969482422,33.965999603271484,34.202999114990234
2025-03-04,9.9525,10.0025,9.78,9.84,288.3999938964844,288.3999938964844,284.29998779296875,285.8999938964844,34.018001556396484,34.060001373291016,33.685001373291016,34.018001556396484
2025-03-05,9.91,9.9875,9.8325,9.9775,288.0,293.20001220703125,288.0,293.0,33.66999816894531,33.77299880981445,33.54100036621094,33.66999816894531
2025-03-06,9.99,10.1925,9.99,10.14,295.3999938964844,299.29998779296875,294.70001220703125,297.1000061035156,33.59000015258789,33.78799819946289,33.555999755859375,33.59000015258789
2025-03-07,10.11,10.15,10.1,10.1025,296.79998779296875,297.6000061035156,295.3999938964844,296.5,33.69900131225586,33.84000015258789,33.56700134277344,33.69900131225586
2025-03-10,10.13,10.13,9.9975,9.9975,296.20001220703125,299.0,294.20001220703125,294.3999938964844,33.71799850463867,33.86000061035156,33.650001525878906,33.71799850463867
2025-03-11,9.98,10.0625,9.97,9.9775,295.0,295.0,294.1000061035156,294.1000061035156,33.900001525878906,33.959999084472656,33.66699981689453,33.900001525878906
2025-03-12,9.975,9.975,9.8275,9.875,292.3999938964844,292.3999938964844,292.3999938964844,292.3999938964844,33.709999084472656,33.87200164794922,33.70000076293945,33.709999084472656
2025-03-13,9.9925,9.9925,9.9675,9.9675,293.6000061035156,302.0,293.6000061035156,300.29998779296875,33.77000045776367,33.85200119018555,33.689998626708984,33.77000045776367
2025-03-14,9.9925,9.9925,9.9925,9.9925,296.6000061035156,298.8999938964844,296.6000061035156,298.8999938964844,33.68000030517578,33.71900177001953,33.57099914550781,33.68000030517578
2025-03-17,10.1625,10.2175,10.1025,10.155,305.8999938964844,307.70001220703125,303.3999938964844,304.29998779296875,33.643001556396484,33.70000076293945,33.55099868774414,33.643001556396484
2025-03-18,10.15,10.2175,10.1125,10.1275,304.29998779296875,304.70001220703125,299.5,299.8999938964844,33.59000015258789,33.654998779296875,33.52299880981445,33.59000015258789
2025-03-19,10.12,10.16,10.065,10.0825,300.0,301.8999938964844,296.79998779296875,297.70001220703125,33.630001068115234,33.66999816894531,33.57899856567383,33.630001068115234
2025-03-20,10.09,10.145,10.04,10.13,298.8999938964844,300.5,296.20001220703125,297.1000061035156,33.54999923706055,33.81999969482422,33.54999923706055,33.54999923706055
2025-03-21,10.135,10.1675,10.0425,10.0975,297.20001220703125,301.0,296.79998779296875,300.29998779296875,33.720001220703125,33.95000076293945,33.7140007019043,33.720001220703125
2025-03-24,10.1,10.115,10.0325,10.0725,300.8999938964844,300.8999938964844,296.79998779296875,297.6000061035156,33.87699890136719,33.97999954223633,33.79999923706055,33.87699890136719
2025-03-25,10.07,10.0775,9.9825,10.0175,297.29998779296875,298.1000061035156,294.29998779296875,295.1000061035156,33.959999084472656,34.05099868774414,33.7599983215332,33.959999084472656
2025-03-26,10.0275,10.0875,9.975,10.01,295.5,296.70001220703125,293.3999938964844,293.6000061035156,33.810001373291016,34.00899887084961,33.790000915527344,33.810001373291016
2025-03-27,10.01,10.1775,9.9975,10.1675,293.79998779296875,295.29998779296875,292.1000061035156,294.5,34.0099983215332,34.02000045776367,33.78900146484375,34.0099983215332
2025-03-28,10.15,10.235,10.09,10.23,294.1000061035156,294.70001220703125,289.70001220703125,293.5,33.810001373291016,34.0,33.81999969482422,33.810001373291016
2025-03-31,10.23,10.315,10.1325,10.1475,293.8999938964844,296.8999938964844,292.1000061035156,292.70001220703125,34.0099983215332,34.0099983215332,33.84000015258789,34.0099983215332
2025-04-01,10.1475,10.3475,10.105,10.3425,293.0,294.29998779296875,290.8999938964844,292.29998779296875,33.97999954223633,34.189998626708984,33.95000076293945,33.97999954223633
2025-04-02,10.32,10.33,10.245,10.295,291.79998779296875,292.70001220703125,287.1000061035156,287.20001220703125,34.18000030517578,34.220001220703125,34.06999969482422,34.18000030517578
2025-04-03,10.11,10.2025,10.0525,10.115,287.29998779296875,291.3999938964844,283.5,288.0,34.34000015258789,34.43000030517578,34.0099983215332,34.34000015258789
2025-04-04,10.11,10.1275,9.7025,9.77,287.79998779296875,290.29998779296875,282.1000061035156,283.1000061035156,34.22999954223633,34.540000915527344,34.040000915527344,34.22999954223633
2025-04-07,9.7175,9.935,9.695,9.83,283.1000061035156,288.79998779296875,283.1000061035156,288.3999938964844,34.599998474121094,34.7400016784668,34.21900177001953,34.599998474121094
2025-04-08,9.8325,10.0225,9.825,9.9275,288.0,293.79998779296875,288.0,291.0,34.70000076293945,34.832000732421875,34.4900016784668,34.70000076293945
2025-04-09,9.89,10.155,9.875,10.1275,289.79998779296875,297.0,289.5,294.5,34.880001068115234,34.97999954223633,34.32699966430664,34.880001068115234
2025-04-10,10.1525,10.295,10.1075,10.29,294.5,298.29998779296875,293.1000061035156,297.8999938964844,34.130001068115234,34.314998626708984,33.805999755859375,34.130001068115234
2025-04-11,10.265,10.445,10.2175,10.4275,297.8999938964844,302.0,294.5,299.6000061035156,33.81999969482422,33.83000183105469,33.404998779296875,33.81999969482422
2025-04-14,10.4075,10.495,10.3675,10.4175,299.6000061035156,299.70001220703125,295.70001220703125,297.1000061035156,33.5,33.72600173950195,33.40700149536133,33.5
2025-04-15,10.405,10.4125,10.3075,10.36,297.1000061035156,297.1000061035156,291.8999938964844,294.20001220703125,33.54999923706055,33.61000061035156,33.448001861572266,33.54999923706055
2025-04-16,10.3525,10.4575,10.28,10.3875,294.20001220703125,297.20001220703125,292.70001220703125,296.70001220703125,33.470001220703125,33.459999084472656,33.053001403808594,33.470001220703125
2025-04-17,10.38,10.4525,10.32,10.365,296.70001220703125,299.0,294.6000061035156,295.6000061035156,33.08000183105469,33.42100143432617,33.060001373291016,33.08000183105469
2025-04-21,10.3975,10.4375,10.29,10.295,296.70001220703125,297.8999938964844,292.6000061035156,292.8999938964844,33.08000183105469,33.42100143432617,33.060001373291016,33.08000183105469
2025-04-22,10.3075,10.395,10.3,10.35,292.8999938964844,294.8999938964844,291.3999938964844,291.8999938964844,33.04999923706055,33.36000061035156,32.97999954223633,33.04999923706055
2025-04-23,10.375,10.46,10.3425,10.4025,292.5,294.3999938964844,290.6000061035156,290.79998779296875,33.560001373291016,33.619998931884766,33.323001861572266,33.560001373291016
2025-04-24,10.42,10.55,10.39,10.53,290.8999938964844,291.5,288.1000061035156,288.70001220703125,33.54999923706055,33.59000015258789,33.400001525878906,33.54999923706055
2025-04-25,10.53,10.58,10.4675,10.4975,288.70001220703125,290.5,286.29998779296875,290.0,33.38999938964844,33.619998931884766,33.36000061035156,33.38999938964844
2025-04-28,10.495,10.54,10.415,10.52,290.0,290.3999938964844,285.5,287.0,33.58000183105469,33.75299835205078,33.34199905395508,33.58000183105469
2025-04-29,10.515,10.5275,10.3475,10.41,287.0,291.29998779296875,285.5,290.5,33.34000015258789,33.470001220703125,33.255001068115234,33.34000015258789
2025-04-30,10.405,10.425,10.2825,10.3475,290.5,291.8999938964844,287.8999938964844,290.0,33.43000030517578,33.46200180053711,33.268001556396484,33.43000030517578
2025-05-01,10.345,10.43,10.27,10.4025,289.70001220703125,289.70001220703125,286.29998779296875,286.5,33.41999816894531,33.630001068115234,33.34000015258789,33.41999816894531
2025-05-02,10.395,10.515,10.395,10.4875,289.79998779296875,292.1000061035156,289.1000061035156,290.20001220703125,33.5099983215332,33.58000183105469,32.95000076293945,33.5099983215332
2025-05-05,10.445,10.465,10.37,10.38,291.6000061035156,291.6000061035156,288.70001220703125,288.70001220703125,33.09000015258789,33.10300064086914,32.803001403808594,33.09000015258789
2025-05-06,10.38,10.38,10.3,10.3475,288.29998779296875,288.79998779296875,286.0,286.1000061035156,32.90999984741211,32.994998931884766,32.55099868774414,32.90999984741211
2025-05-07,10.38,10.45,10.3,10.305,287.0,289.1000061035156,286.5,288.0,32.630001068115234,32.84000015258789,32.59000015258789,32.630001068115234
2025-05-08,10.3,10.39,10.29,10.3675,289.20001220703125,289.20001220703125,287.79998779296875,287.79998779296875,32.87699890136719,32.939998626708984,32.63999938964844,32.87699890136719
2025-05-09,10.365,10.48,10.365,10.44,287.79998779296875,289.5,287.20001220703125,287.20001220703125,33.060001373291016,33.198001861572266,32.900001525878906,33.060001373291016
2025-05-12,10.46,10.66,10.46,10.66,291.5,291.79998779296875,289.79998779296875,291.1000061035156,33.040000915527344,33.49300003051758,32.970001220703125,33.040000915527344
2025-05-13,10.69,10.71,10.6725,10.6725,285.8999938964844,285.8999938964844,285.8999938964844,285.8999938964844,33.40999984741211,33.45000076293945,33.11399841308594,33.40999984741211
2025-05-14,10.75,10.75,10.4825,10.67,285.3999938964844,285.3999938964844,285.3999938964844,285.3999938964844,33.209999084472656,33.43000030517578,33.165000915527344,33.209999084472656
2025-05-15,10.73,10.7325,10.46,10.5125,292.3999938964844,299.5,292.3999938964844,296.3999938964844,33.439998626708984,33.470001220703125,33.18299865722656,33.439998626708984
2025-05-16,10.525,10.5975,10.4725,10.5,296.5,297.79998779296875,291.29998779296875,291.8999938964844,33.18000030517578,33.45000076293945,33.060001373291016,33.18000030517578
2025-05-19,10.5025,10.56,10.4575,10.5075,291.8999938964844,292.8999938964844,290.29998779296875,291.1000061035156,33.18399810791016,33.292999267578125,33.02199935913086,33.18399810791016
2025-05-20,10.5075,10.5675,10.4625,10.53,291.20001220703125,294.5,290.1000061035156,292.6000061035156,33.11000061035156,33.25699996948242,32.849998474121094,33.11000061035156
2025-05-21,10.5275,10.675,10.5275,10.6275,292.3999938964844,294.3999938964844,291.5,294.1000061035156,32.85900115966797,32.880001068115234,32.62699890136719,32.85900115966797
2025-05-22,10.57,10.7075,10.51,10.675,294.5,299.6000061035156,293.70001220703125,298.5,32.70000076293945,32.90700149536133,32.53799819946289,32.70000076293945
2025-05-23,10.71,10.7325,10.555,10.6025,297.0,298.6000061035156,294.8999938964844,296.20001220703125,32.849998474121094,32.869998931884766,32.45600128173828,32.849998474121094
2025-05-27,10.6125,10.6775,10.59,10.625,296.0,298.0,293.5,296.29998779296875,32.58000183105469,32.79999923706055,32.4900016784668,32.58000183105469
2025-05-28,10.6175,10.6425,10.475,10.485,296.29998779296875,297.20001220703125,293.29998779296875,293.70001220703125,32.70000076293945,32.76900100708008,32.59000015258789,32.70000076293945
2025-05-29,10.555,10.5575,10.4,10.5175,295.0,297.0,292.5,296.3999938964844,32.797000885009766,32.87799835205078,32.55400085449219,32.797000885009766
2025-05-30,10.49,10.505,10.4025,10.4175,296.3999938964844,298.8999938964844,295.6000061035156,296.29998779296875,32.529998779296875,32.86000061035156,32.470001220703125,32.529998779296875
2025-06-02,10.4225,10.4275,10.325,10.335,296.1000061035156,296.29998779296875,293.20001220703125,293.8999938964844,32.75,32.862998962402344,32.483001708984375,32.75
2025-06-03,10.345,10.44,10.3275,10.4075,294.20001220703125,296.0,293.29998779296875,294.5,32.5,32.67399978637695,32.5,32.5
2025-06-04,10.405,10.53,10.3775,10.45,294.29998779296875,298.79998779296875,294.20001220703125,297.1000061035156,32.61000061035156,32.755001068115234,32.39099884033203,32.61000061035156
2025-06-05,10.4475,10.5675,10.4,10.5175,297.1000061035156,298.8999938964844,294.6000061035156,297.1000061035156,32.58000183105469,32.65999984741211,32.42100143432617,32.58000183105469
2025-06-06,10.5075,10.605,10.47,10.5725,296.5,297.79998779296875,294.29998779296875,295.70001220703125,32.59000015258789,32.7400016784668,32.54499816894531,32.59000015258789
2025-06-09,10.575,10.6175,10.535,10.56,296.20001220703125,297.3999938964844,294.20001220703125,295.5,32.72999954223633,32.763999938964844,32.61000061035156,32.72999954223633
2025-06-10,10.5725,10.6375,10.5575,10.5775,295.6000061035156,296.3999938964844,294.0,295.8999938964844,32.62900161743164,32.749000549316406,32.55799865722656,32.62900161743164
2025-06-11,10.5775,10.6275,10.4925,10.505,295.8999938964844,298.0,293.8999938964844,294.20001220703125,32.599998474121094,32.680999755859375,32.529998779296875,32.599998474121094
2025-06-12,10.49,10.5625,10.385,10.4225,294.20001220703125,297.5,293.1000061035156,294.5,32.5260009765625,32.5620002746582,32.32699966430664,32.5260009765625
2025-06-13,10.4225,10.71,10.4075,10.6975,294.70001220703125,295.3999938964844,291.0,291.8999938964844,32.34000015258789,32.500999450683594,32.270999908447266,32.34000015258789
2025-06-16,10.695,10.7925,10.6425,10.6975,291.79998779296875,291.8999938964844,283.6000061035156,283.70001220703125,32.380001068115234,32.5,32.36800003051758,32.380001068115234
2025-06-17,10.6975,10.7525,10.6375,10.74,283.8999938964844,285.70001220703125,283.1000061035156,285.1000061035156,32.470001220703125,32.61000061035156,32.4119987487793,32.470001220703125
2025-06-18,10.7225,10.7975,10.695,10.7475,285.1000061035156,287.5,283.79998779296875,284.8999938964844,32.582000732421875,32.63800048828125,32.53099822998047,32.582000732421875
2025-06-20,10.74,10.805,10.67,10.68,284.20001220703125,285.8999938964844,282.70001220703125,284.1000061035156,32.70000076293945,32.893001556396484,32.67900085449219,32.70000076293945
2025-06-23,10.725,10.7375,10.56,10.5875,285.70001220703125,285.8999938964844,281.3999938964844,282.3999938964844,32.79999923706055,33.047000885009766,32.72800064086914,33.01900100708008
2025-06-24,10.55,10.6225,10.4625,10.4675,282.3999938964844,284.29998779296875,280.1000061035156,280.5,32.78400039672852,32.79199981689453,32.624000549316406,32.78400039672852
2025-06-25,10.4725,10.5475,10.235,10.2525,280.5,281.0,275.5,276.0,32.630001068115234,32.66299819946289,32.5260009765625,32.630001068115234
2025-06-26,10.2725,10.305,10.1725,10.2275,276.0,276.0,270.6000061035156,270.8999938964844,32.50600051879883,32.542999267578125,32.31999969482422,32.50600051879883
2025-06-27,10.2325,10.3425,10.2,10.2775,270.8999938964844,272.20001220703125,269.3999938964844,271.1000061035156,32.529998779296875,32.641998291015625,32.487998962402344,32.529998779296875
2025-06-30,10.3,10.3925,10.1825,10.2425,271.1000061035156,273.5,269.5,271.29998779296875,32.63600158691406,32.63999938964844,32.439998626708984,32.63600158691406
2025-07-01,10.22,10.265,10.1225,10.2475,269.1000061035156,269.70001220703125,268.70001220703125,269.20001220703125,32.41999816894531,32.61000061035156,32.369998931884766,32.41999816894531
2025-07-02,10.2725,10.5075,10.2725,10.505,267.3999938964844,272.3999938964844,267.3999938964844,272.3999938964844,32.4370002746582,32.51300048828125,32.358001708984375,32.4370002746582
2025-07-03,10.5525,10.615,10.505,10.5625,274.5,276.79998779296875,272.79998779296875,273.79998779296875,32.319000244140625,32.492000579833984,32.29899978637695,32.319000244140625
2025-07-07,10.4075,10.51,10.3025,10.3175,269.3999938964844,271.0,268.0,268.5,32.380001068115234,32.650001525878906,32.31999969482422,32.380001068115234
2025-07-08,10.3875,10.405,10.2425,10.2425,267.8999938964844,268.3999938964844,267.1000061035156,267.20001220703125,32.619998931884766,32.630001068115234,32.43000030517578,32.619998931884766
2025-07-09,10.235,10.235,10.1225,10.1225,267.8999938964844,267.8999938964844,266.0,266.1000061035156,32.61000061035156,32.74399948120117,32.54999923706055,32.61000061035156
2025-07-10,10.0525,10.13,10.045,10.125,265.1000061035156,268.6000061035156,265.1000061035156,268.5,32.619998931884766,32.691001892089844,32.500999450683594,32.619998931884766
2025-07-11,10.125,10.155,10.04,10.04,267.6000061035156,267.6000061035156,267.6000061035156,267.6000061035156,32.59000015258789,32.665000915527344,32.34000015258789,32.59000015258789
2025-07-14,10.02,10.02,9.97,9.97,265.20001220703125,265.20001220703125,265.20001220703125,265.20001220703125,32.369998931884766,32.49100112915039,32.349998474121094,32.369998931884766
2025-07-15,9.9725,10.025,9.93,9.95,267.1000061035156,268.3999938964844,264.5,265.29998779296875,32.459999084472656,32.59000015258789,32.380001068115234,32.459999084472656
2025-07-16,9.9625,10.145,9.96,10.135,265.29998779296875,270.3999938964844,265.29998779296875,268.3999938964844,32.56999969482422,32.62099838256836,32.30699920654297,32.56999969482422
2025-07-17,10.125,10.225,10.095,10.215,268.29998779296875,269.3999938964844,266.29998779296875,268.70001220703125,32.470001220703125,32.58000183105469,32.439998626708984,32.470001220703125
2025-07-18,10.2125,10.3725,10.2025,10.2775,268.8999938964844,274.29998779296875,268.29998779296875,274.0,32.470001220703125,32.470001220703125,32.34000015258789,32.470001220703125
2025-07-21,10.24,10.285,10.115,10.15,274.0,275.3999938964844,269.3999938964844,270.5,32.380001068115234,32.439998626708984,32.198001861572266,32.380001068115234
2025-07-22,10.16,10.175,10.05,10.1025,270.5,274.70001220703125,269.29998779296875,273.79998779296875,32.209999084472656,32.33000183105469,32.13999938964844,32.209999084472656
2025-07-23,10.105,10.1925,10.0475,10.0575,273.79998779296875,277.5,271.70001220703125,272.0,32.18000030517578,32.21799850463867,32.119998931884766,32.18000030517578
2025-07-24,10.05,10.1075,9.99,10.0425,272.0,274.79998779296875,268.5,269.70001220703125,32.150001525878906,32.31999969482422,32.09000015258789,32.150001525878906
2025-07-25,10.0475,10.0825,9.965,9.9875,269.70001220703125,270.79998779296875,267.5,267.79998779296875,32.279998779296875,32.43000030517578,32.209999084472656,32.279998779296875
2025-07-28,9.95,9.9625,9.8675,9.8875,267.5,268.29998779296875,264.6000061035156,264.8999938964844,32.36000061035156,32.5,32.31999969482422,32.36000061035156
2025-07-29,9.8775,9.9075,9.7675,9.8175,264.70001220703125,265.79998779296875,261.29998779296875,261.70001220703125,32.470001220703125,32.529998779296875,32.3489990234375,32.470001220703125
2025-07-30,9.82,9.84,9.675,9.6775,261.70001220703125,263.29998779296875,258.6000061035156,260.70001220703125,32.400001525878906,32.66999816894531,32.31999969482422,32.400001525878906
2025-07-31,9.7025,9.725,9.6075,9.6175,260.79998779296875,263.1000061035156,258.8999938964844,261.79998779296875,32.709999084472656,32.7599983215332,32.619998931884766,32.709999084472656
2025-08-01,9.62,9.6525,9.6175,9.6175,262.0,267.6000061035156,261.6000061035156,267.5,32.7400016784668,32.869998931884766,32.46200180053711,32.7400016784668
2025-08-04,9.695,9.7025,9.6825,9.69,268.70001220703125,273.79998779296875,268.70001220703125,273.79998779296875,32.369998931884766,32.529998779296875,32.33599853515625,32.369998931884766
2025-08-05,9.69,9.7025,9.68,9.69,273.20001220703125,277.1000061035156,273.20001220703125,273.6000061035156,32.310001373291016,32.45399856567383,32.279998779296875,32.310001373291016
2025-08-06,9.7375,9.775,9.615,9.615,272.0,272.0,268.1000061035156,269.3999938964844,32.34000015258789,32.402000427246094,32.30699920654297,32.34000015258789
2025-08-07,9.66,9.7175,9.66,9.7175,272.0,272.79998779296875,272.0,272.70001220703125,32.34000015258789,32.36000061035156,32.22999954223633,32.34000015258789
2025-08-08,9.685,9.7575,9.6675,9.6675,274.1000061035156,274.6000061035156,273.3999938964844,273.3999938964844,32.28400039672852,32.38100051879883,32.25,32.28400039672852
2025-08-11,9.88,9.9175,9.88,9.895,276.6000061035156,278.0,275.8999938964844,277.70001220703125,32.36000061035156,32.47999954223633,32.13999938964844,32.36000061035156
2025-08-12,9.785,10.1175,9.75,10.1175,274.29998779296875,283.0,274.29998779296875,278.3999938964844,32.43000030517578,32.48500061035156,32.26900100708008,32.43000030517578
2025-08-13,10.135,10.255,10.135,10.235,284.1000061035156,284.1000061035156,284.1000061035156,284.1000061035156,32.38999938964844,32.40999984741211,32.220001220703125,32.38999938964844
2025-08-14,10.085,10.085,10.085,10.085,282.1000061035156,282.1000061035156,282.1000061035156,282.1000061035156,32.25199890136719,32.5099983215332,32.22999954223633,32.25199890136719
2025-08-15,10.085,10.23,10.0575,10.2225,284.29998779296875,287.0,282.70001220703125,283.3999938964844,32.459999084472656,32.47999954223633,32.380001068115234,32.459999084472656
2025-08-18,10.215,10.27,10.1425,10.2075,283.29998779296875,285.70001220703125,279.6000061035156,280.3999938964844,32.43000030517578,32.5099983215332,32.38999938964844,32.43000030517578
2025-08-19,10.215,10.2525,10.0975,10.13,280.5,288.79998779296875,280.5,287.3999938964844,32.5099983215332,32.56999969482422,32.45000076293945,32.5099983215332
2025-08-20,10.13,10.1925,10.11,10.15,287.3999938964844,296.3999938964844,286.1000061035156,292.0,32.58000183105469,32.619998931884766,32.47600173950195,32.58000183105469
2025-08-21,10.15,10.3525,10.115,10.345,292.0,297.1000061035156,290.79998779296875,296.79998779296875,32.560001373291016,32.65999984741211,32.52000045776367,32.560001373291016
2025-08-22,10.3275,10.405,10.305,10.365,296.79998779296875,301.6000061035156,292.5,296.70001220703125,32.65999984741211,32.68000030517578,32.297000885009766,32.65999984741211
2025-08-25,10.36,10.395,10.235,10.255,297.0,305.6000061035156,294.3999938964844,295.70001220703125,32.36000061035156,32.470001220703125,32.36000061035156,32.36000061035156
2025-08-26,10.25,10.345,10.195,10.2875,296.20001220703125,299.5,293.0,297.20001220703125,32.47999954223633,32.5099983215332,32.36000061035156,32.47999954223633
2025-08-27,10.2825,10.3325,10.24,10.2725,297.20001220703125,299.70001220703125,290.70001220703125,293.1000061035156,32.43000030517578,32.55699920654297,32.40999984741211,32.43000030517578
2025-08-28,10.2775,10.3075,10.195,10.2825,293.1000061035156,293.5,282.6000061035156,286.29998779296875,32.400001525878906,32.43399810791016,32.2599983215332,32.400001525878906
2025-08-29,10.28,10.37,10.24,10.3675,288.0,288.0,282.29998779296875,283.6000061035156,32.2599983215332,32.41999816894531,32.25,32.2599983215332
2025-09-02,10.35,10.35,10.195,10.2575,283.79998779296875,284.1000061035156,274.29998779296875,275.5,32.279998779296875,32.40999984741211,32.2400016784668,32.279998779296875
2025-09-03,10.1925,10.1975,10.155,10.16,277.79998779296875,277.79998779296875,275.70001220703125,275.8999938964844,32.310001373291016,32.45000076293945,32.242000579833984,32.310001373291016
2025-09-04,10.12,10.12,10.075,10.12,277.5,280.5,277.5,279.3999938964844,32.27000045776367,32.36000061035156,32.2599983215332,32.27000045776367
2025-09-05,10.15,10.15,10.065,10.065,281.5,282.3999938964844,280.5,280.5,32.27000045776367,32.279998779296875,32.007999420166016,32.27000045776367
2025-09-08,10.075,10.135,10.055,10.135,281.3999938964844,284.70001220703125,281.3999938964844,284.70001220703125,32.08000183105469,32.11000061035156,31.63800048828125,32.08000183105469
2025-09-09,10.115,10.115,10.115,10.115,290.5,293.0,290.5,291.70001220703125,31.68000030517578,31.770000457763672,31.56999969482422,31.68000030517578
2025-09-10,10.0775,10.0975,10.055,10.055,284.29998779296875,288.20001220703125,281.0,286.3999938964844,31.76000022888184,31.83300018310547,31.700000762939453,31.76000022888184
2025-09-11,10.1525,10.1525,10.1525,10.1525,293.0,293.0,288.29998779296875,288.29998779296875,31.76000022888184,31.86000061035156,31.66699981689453,31.76000022888184
2025-09-12,10.2575,10.2575,10.2575,10.2575,288.29998779296875,288.29998779296875,288.29998779296875,288.29998779296875,31.709999084472656,31.770000457763672,31.63999938964844,31.709999084472656
2025-09-15,10.43,10.5125,10.3975,10.4275,286.20001220703125,287.5,283.8999938964844,285.20001220703125,31.729999542236328,31.950000762939453,31.709999084472656,31.729999542236328
2025-09-16,10.43,10.525,10.4175,10.4975,285.6000061035156,286.70001220703125,284.5,285.79998779296875,31.81999969482422,31.82999992370605,31.638999938964844,31.81999969482422
2025-09-17,10.4925,10.5275,10.42,10.4375,285.79998779296875,288.1000061035156,283.5,283.8999938964844,31.65999984741211,31.77400016784668,31.63999938964844,31.65999984741211
2025-09-18,10.4375,10.445,10.3525,10.375,283.8999938964844,284.29998779296875,281.3999938964844,283.0,31.780000686645508,31.94700050354004,31.73200035095215,31.780000686645508
2025-09-19,10.385,10.4775,10.24,10.255,283.0,286.20001220703125,281.8999938964844,282.8999938964844,31.88999938964844,31.93000030517578,31.804000854492188,31.88999938964844
2025-09-22,10.2425,10.25,10.0625,10.11,283.0,283.29998779296875,277.20001220703125,278.8999938964844,31.8799991607666,31.899999618530277,31.649999618530277,31.8799991607666
2025-09-23,10.1075,10.155,10.05,10.12,278.5,278.79998779296875,274.6000061035156,275.1000061035156,31.75,31.8799991607666,31.739999771118164,31.75
2025-09-24,10.1125,10.2025,10.0575,10.09,275.1000061035156,276.5,271.1000061035156,271.70001220703125,31.8799991607666,32.09000015258789,31.8799991607666,31.8799991607666
2025-09-25,10.085,10.17,10.065,10.1225,271.3999938964844,272.1000061035156,267.5,268.6000061035156,32.09000015258789,32.301998138427734,32.040000915527344,32.09000015258789
2025-09-26,10.12,10.1575,10.0875,10.1375,268.6000061035156,270.6000061035156,268.0,268.79998779296875,32.220001220703125,32.26499938964844,32.16400146484375,32.220001220703125
2025-09-29,10.1175,10.1375,10.06,10.105,268.8999938964844,271.29998779296875,267.1000061035156,268.1000061035156,32.189998626708984,32.279998779296875,32.13999938964844,32.189998626708984
2025-09-30,10.0925,10.0925,10.005,10.0175,267.79998779296875,267.79998779296875,264.3999938964844,265.70001220703125,32.209999084472656,32.47999954223633,32.20000076293945,32.209999084472656
2025-10-01,10.0025,10.2,9.9375,10.13,266.0,266.0,262.0,264.70001220703125,32.459999084472656,32.516998291015625,32.277000427246094,32.459999084472656
2025-10-02,10.13,10.255,10.0825,10.2375,264.79998779296875,271.6000061035156,264.6000061035156,271.29998779296875,32.38999938964844,32.529998779296875,32.29499816894531,32.38999938964844
2025-10-03,10.21,10.2875,10.165,10.18,271.70001220703125,273.5,270.70001220703125,270.70001220703125,32.439998626708984,32.47100067138672,32.28400039672852,32.439998626708984
2025-10-06,10.1525,10.2325,10.14,10.1775,270.20001220703125,270.20001220703125,268.79998779296875,268.79998779296875,32.38999938964844,32.470001220703125,32.327999114990234,32.38999938964844
2025-10-07,10.17,10.255,10.16,10.22,269.6000061035156,270.70001220703125,268.8999938964844,268.8999938964844,32.459999084472656,32.54999923706055,32.417999267578125,32.459999084472656
2025-10-08,10.2125,10.3,10.2,10.295,270.1000061035156,271.70001220703125,270.1000061035156,270.79998779296875,32.47999954223633,32.540000915527344,32.19499969482422,32.47999954223633
2025-10-09,10.29,10.3,10.2075,10.2225,270.0,270.79998779296875,269.70001220703125,269.70001220703125,32.54999923706055,32.720001220703125,32.5099983215332,32.54999923706055
2025-10-10,10.215,10.2475,10.025,10.0675,267.79998779296875,269.0,267.3999938964844,267.3999938964844,32.77000045776367,32.79399871826172,32.60900115966797,32.77000045776367
2025-10-13,10.06,10.13,10.03,10.0775,266.5,266.5,266.5,266.5,32.619998931884766,32.63999938964844,32.479000091552734,32.619998931884766
2025-10-14,10.07,10.0975,10.01,10.065,267.0,267.0,267.0,267.0,32.59000015258789,32.810001373291016,32.52000045776367,32.59000015258789
2025-10-15,10.065,10.1175,10.02,10.065,273.1000061035156,277.1000061035156,273.0,275.8999938964844,32.599998474121094,32.630001068115234,32.41899871826172,32.599998474121094
2025-10-16,10.0625,10.1975,10.06,10.1075,275.8999938964844,277.5,274.5,276.8999938964844,32.529998779296875,32.630001068115234,32.400001525878906,32.529998779296875
2025-10-17,10.1075,10.215,10.105,10.195,277.0,281.70001220703125,277.0,281.0,32.5,32.888999938964844,32.45000076293945,32.5
2025-10-20,10.2,10.3375,10.1975,10.3175,281.0,285.79998779296875,280.29998779296875,285.0,32.75,32.83000183105469,32.51499938964844,32.75
2025-10-21,10.3175,10.38,10.2775,10.3075,285.0,287.20001220703125,283.6000061035156,286.8999938964844,32.529998779296875,32.87200164794922,32.4900016784668,32.529998779296875
2025-10-22,10.3,10.38,10.275,10.3475,286.20001220703125,290.3999938964844,285.3999938964844,290.0,32.86000061035156,32.900001525878906,32.72999954223633,32.86000061035156
2025-10-23,10.3475,10.45,10.335,10.4475,290.0,292.3999938964844,288.29998779296875,292.29998779296875,32.779998779296875,32.85599899291992,32.70000076293945,32.779998779296875
2025-10-24,10.4425,10.455,10.4075,10.4175,292.0,294.6000061035156,291.70001220703125,294.1000061035156,32.79999923706055,32.82600021362305,32.63800048828125,32.79999923706055
2025-10-27,10.525,10.7275,10.5225,10.6725,297.20001220703125,299.20001220703125,294.79998779296875,298.20001220703125,32.68000030517578,32.755001068115234,32.58000183105469,32.68000030517578
2025-10-28,10.665,10.915,10.6525,10.7825,297.70001220703125,307.79998779296875,297.5,306.5,32.619998931884766,32.66600036621094,32.2599983215332,32.619998931884766
2025-10-29,10.7575,10.8475,10.685,10.8025,306.3999938964844,311.70001220703125,304.1000061035156,308.70001220703125,32.34000015258789,32.40700149536133,32.209999084472656,32.34000015258789
2025-10-30,10.775,11.01,10.57,10.9125,308.70001220703125,317.5,304.5,315.6000061035156,32.400001525878906,32.512001037597656,32.33000183105469,32.400001525878906
2025-10-31,10.8925,11.0,10.8525,10.9975,315.6000061035156,323.29998779296875,313.0,321.6000061035156,32.29999923706055,32.380001068115234,32.2599983215332,32.29999923706055
2025-11-03,10.99,11.2075,10.99,11.1975,321.20001220703125,325.20001220703125,315.79998779296875,320.79998779296875,32.3650016784668,32.5,32.349998474121094,32.3650016784668
2025-11-04,11.165,11.19,11.0075,11.0825,320.0,321.29998779296875,315.29998779296875,317.3999938964844,32.4900016784668,32.619998931884766,32.47999954223633,32.4900016784668
2025-11-05,11.0625,11.2025,11.0625,11.1975,316.8999938964844,325.1000061035156,316.1000061035156,324.79998779296875,32.560001373291016,32.61000061035156,32.439998626708984,32.560001373291016
2025-11-06,11.15,11.15,10.9,10.9175,324.0,324.29998779296875,310.5,312.70001220703125,32.4900016784668,32.4900016784668,32.316001892089844,32.4900016784668
2025-11-07,10.935,11.025,10.9325,11.0175,312.79998779296875,317.3999938964844,311.5,317.1000061035156,32.369998931884766,32.40999984741211,32.303001403808594,32.369998931884766
2025-11-10,11.0625,11.16,11.0625,11.16,317.0,320.20001220703125,316.29998779296875,320.0,32.27000045776367,32.38999938964844,32.150001525878906,32.369998931884766
2025-11-11,11.105,11.15,11.06,11.1325,319.5,320.3999938964844,315.8999938964844,316.8999938964844,32.36000061035156,32.45100021362305,32.310001373291016,32.349998474121094
2025-11-12,11.2075,11.2075,11.1,11.205,316.8999938964844,322.20001220703125,315.3999938964844,321.0,32.380001068115234,32.52799987792969,32.31999969482422,32.36000061035156
2025-11-13,11.2025,11.3575,11.155,11.32,321.0,330.20001220703125,320.20001220703125,328.3999938964844,32.34000015258789,32.400001525878906,32.2400016784668,32.349998474121094
2025-11-14,11.33,11.3875,11.1275,11.1275,328.5,330.29998779296875,321.6000061035156,322.5,32.349998474121094,32.470001220703125,32.29999923706055,32.349998474121094
2025-11-17,11.2,11.6025,11.1425,11.5725,322.0,331.70001220703125,319.79998779296875,330.79998779296875,32.29999923706055,32.483001708984375,32.279998779296875,32.380001068115234
2025-11-18,11.555,11.695,11.4775,11.535,330.79998779296875,331.6000061035156,324.5,327.0,32.470001220703125,32.49300003051758,32.349998474121094,32.470001220703125
2025-11-19,11.5225,11.525,11.35,11.3625,327.0,327.29998779296875,317.8999938964844,318.8999938964844,32.380001068115234,32.452999114990234,32.349998474121094,32.369998931884766
2025-11-20,11.355,11.4275,11.215,11.225,317.6000061035156,321.1000061035156,313.1000061035156,314.0,32.45000076293945,32.50400161743164,32.10100173950195,32.439998626708984
2025-11-21,11.225,11.275,11.1325,11.25,313.79998779296875,315.79998779296875,312.6000061035156,315.1000061035156,32.45000076293945,32.52199935913086,32.37699890136719,32.439998626708984
2025-11-24,11.2825,11.31,11.1625,11.2325,315.79998779296875,317.0,312.8999938964844,314.20001220703125,32.47999954223633,32.52199935913086,32.369998931884766,32.369998931884766
2025-11-25,11.2175,11.2875,11.1725,11.2475,314.29998779296875,319.8999938964844,314.29998779296875,317.0,32.349998474121094,32.38999938964844,32.22800064086914,32.349998474121094
2025-11-26,11.255,11.3525,11.2275,11.315,317.0,319.20001220703125,316.20001220703125,317.1000061035156,32.279998779296875,32.279998779296875,32.17100143432617,32.279998779296875
2025-11-28,11.3175,11.3875,11.2975,11.3775,317.1000061035156,317.1000061035156,314.29998779296875,314.3999938964844,32.220001220703125,32.22999954223633,32.0890007019043,32.209999084472656
2025-12-01,11.4,11.4225,11.27,11.28,315.29998779296875,316.0,310.6000061035156,311.1000061035156,32.02000045776367,32.13999938964844,31.905000686645508,32.084999084472656
2025-12-02,11.265,11.3575,11.2325,11.2475,312.3999938964844,312.70001220703125,307.70001220703125,308.6000061035156,32.0099983215332,32.06999969482422,31.959999084472656,32.0099983215332
2025-12-03,11.2525,11.3075,11.155,11.1575,310.3999938964844,310.3999938964844,307.79998779296875,308.3999938964844,32.0099983215332,32.0099983215332,31.83799934387207,32.0099983215332
2025-12-04,11.17,11.245,11.14,11.195,310.20001220703125,313.3999938964844,308.5,308.5,31.899999618530277,32.06999969482422,31.8700008392334,31.88999938964844
2025-12-05,11.1925,11.21,11.045,11.0525,308.5,308.5,304.70001220703125,304.70001220703125,32.029998779296875,32.040000915527344,31.809999465942383,32.02000045776367
2025-12-08,11.05,11.075,10.9225,10.9375,303.70001220703125,304.20001220703125,302.1000061035156,303.6000061035156,31.84000015258789,31.934999465942383,31.790000915527344,31.850000381469727
2025-12-09,10.9375,10.9475,10.845,10.8725,301.79998779296875,301.8999938964844,298.20001220703125,298.20001220703125,31.90999984741211,31.920000076293945,31.790000915527344,31.899999618530277
2025-12-10,10.875,10.9325,10.815,10.9125,297.0,299.29998779296875,296.8999938964844,298.20001220703125,31.799999237060547,31.86100006103516,31.780000686645508,31.799999237060547
2025-12-11,10.91,10.96,10.8625,10.935,300.1000061035156,300.29998779296875,298.79998779296875,298.79998779296875,31.739999771118164,31.809999465942383,31.600000381469727,31.739999771118164
2025-12-12,10.93,10.945,10.7575,10.7675,300.6000061035156,300.6000061035156,300.6000061035156,300.6000061035156,31.6200008392334,31.694000244140625,31.489999771118164,31.6299991607666
2025-12-15,10.745,10.8,10.67,10.7175,302.0,304.8999938964844,301.3999938964844,303.5,31.5,31.541000366210938,31.399999618530277,31.56999969482422
2025-12-16,10.72,10.7625,10.595,10.6275,303.5,306.8999938964844,301.70001220703125,302.3999938964844,31.46999931335449,31.549999237060547,31.3799991607666,31.46999931335449
2025-12-17,10.635,10.675,10.535,10.5825,302.3999938964844,304.1000061035156,297.8999938964844,298.20001220703125,31.450000762939453,31.538000106811523,31.399999618530277,31.440000534057617
2025-12-18,10.5825,10.6125,10.51,10.5225,298.20001220703125,300.70001220703125,297.5,298.3999938964844,31.489999771118164,31.506999969482425,31.350000381469727,31.489999771118164
2025-12-19,10.5225,10.54,10.47,10.4925,298.3999938964844,300.20001220703125,297.29998779296875,297.6000061035156,31.399999618530277,31.479999542236328,31.36000061035156,31.399999618530277
2025-12-22,10.485,10.56,10.485,10.5325,297.6000061035156,300.6000061035156,297.0,298.6000061035156,31.43000030517578,31.43000030517578,31.11000061035156,31.399999618530277
2025-12-23,10.535,10.5775,10.4975,10.515,298.70001220703125,303.6000061035156,298.3999938964844,301.1000061035156,31.1200008392334,31.200000762939453,31.076000213623047,31.1200008392334
2025-12-24,10.5125,10.6475,10.5075,10.6325,301.0,305.29998779296875,300.70001220703125,304.70001220703125,31.100000381469727,31.11599922180176,31.0,31.11000061035156
2025-12-26,10.67,10.6925,10.57,10.5875,305.79998779296875,307.8999938964844,303.0,303.70001220703125,31.049999237060547,31.10700035095215,30.989999771118164,31.040000915527344
2025-12-29,10.605,10.635,10.49,10.495,304.20001220703125,305.0,298.20001220703125,298.79998779296875,31.059999465942383,31.67099952697754,31.059999465942383,31.045000076293945
2025-12-30,10.495,10.535,10.44,10.4625,298.79998779296875,300.0,295.29998779296875,296.70001220703125,31.649999618530277,31.649999618530277,31.3799991607666,31.63999938964844
2025-12-31,10.45,10.4675,10.3,10.305,296.6000061035156,296.6000061035156,294.29998779296875,294.5,31.450000762939453,31.67099952697754,31.40999984741211,31.450000762939453
2026-01-02,10.3,10.3,10.22,10.295,294.5,294.5,290.79998779296875,291.0,31.5,31.540000915527344,31.36000061035156,31.5
2026-01-05,10.3675,10.48,10.3575,10.4725,293.3999938964844,295.5,293.3999938964844,294.8999938964844,31.51000022888184,31.600000381469727,31.270000457763672,31.45499992370605
2026-01-06,10.4825,10.53,10.42,10.42,295.3999938964844,295.8999938964844,294.70001220703125,294.70001220703125,31.309999465942383,31.31999969482422,31.149999618530277,31.309999465942383
2026-01-07,10.4475,10.55,10.4475,10.5275,294.70001220703125,301.79998779296875,294.70001220703125,301.5,31.190000534057617,31.382999420166016,31.18000030517578,31.200000762939453
2026-01-08,10.5025,10.53,10.47,10.47,301.70001220703125,303.0,300.3999938964844,300.3999938964844,31.31999969482422,31.559999465942383,31.309999465942383,31.32999992370605
2026-01-09,10.475,10.53,10.475,10.485,302.1000061035156,302.5,300.0,300.0,31.420000076293945,31.489999771118164,31.34499931335449,31.420000076293945
2026-01-12,10.5375,10.565,10.33,10.33,298.5,298.8999938964844,292.1000061035156,294.6000061035156,31.350000381469727,31.350000381469727,31.170000076293945,31.3799991607666
2026-01-13,10.2925,10.2975,10.2325,10.2325,293.0,293.0,286.3999938964844,286.3999938964844,31.229999542236328,31.507999420166016,31.21999931335449,31.21999931335449
2026-01-14,10.2725,10.3325,10.2725,10.305,287.20001220703125,287.20001220703125,287.20001220703125,287.20001220703125,31.530000686645508,31.540000915527344,31.3799991607666,31.530000686645508
2026-01-15,10.435,10.5825,10.415,10.53,292.0,294.5,289.0,289.20001220703125,31.479999542236328,31.535999298095703,31.33799934387207,31.46999931335449
2026-01-16,10.53,10.59,10.4775,10.5775,289.5,290.5,288.3999938964844,290.0,31.38999938964844,31.540000915527344,31.31999969482422,31.38999938964844
2026-01-20,10.53,10.6175,10.52,10.53,290.3999938964844,293.5,289.1000061035156,291.6000061035156,31.239999771118164,31.270000457763672,31.020000457763672,31.239999771118164
2026-01-21,10.5325,10.6925,10.53,10.645,291.79998779296875,295.5,291.1000061035156,291.3999938964844,31.01000022888184,31.21999931335449,30.8700008392334,31.01000022888184
2026-01-22,10.645,10.725,10.605,10.64,291.3999938964844,297.6000061035156,291.3999938964844,296.20001220703125,31.290000915527344,31.43099975585937,31.121999740600582,31.290000915527344
2026-01-23,10.635,10.715,10.6125,10.6775,296.20001220703125,300.20001220703125,295.5,299.8999938964844,31.06999969482422,31.290000915527344,31.059999465942383,31.06999969482422
2026-01-26,10.6775,10.7625,10.5975,10.6175,300.29998779296875,302.29998779296875,293.70001220703125,294.29998779296875,30.90999984741211,31.183000564575195,30.81999969482422,31.19499969482422
2026-01-27,10.6025,10.695,10.585,10.6725,293.79998779296875,295.0,292.70001220703125,294.0,31.209999084472656,31.290000915527344,30.99099922180176,31.200000762939453
2026-01-28,10.6725,10.8475,10.67,10.75,293.5,299.79998779296875,293.5,297.79998779296875,30.90999984741211,31.183000564575195,30.86000061035156,30.90999984741211
2026-01-29,10.75,10.855,10.69,10.7225,297.79998779296875,300.70001220703125,295.29998779296875,296.0,31.11000061035156,31.447999954223636,30.964000701904297,31.11000061035156
2026-01-30,10.725,10.74,10.61,10.6425,295.5,296.3999938964844,292.20001220703125,293.6000061035156,31.239999771118164,31.520000457763672,31.21999931335449,31.229999542236328
2026-02-02,10.635,10.64,10.5175,10.6025,294.0,294.8999938964844,292.0,294.5,31.489999771118164,31.790000915527344,31.489999771118164,31.375
2026-02-03,10.605,10.71,10.6,10.6575,294.0,294.70001220703125,291.6000061035156,291.8999938964844,31.489999771118164,31.632999420166016,31.31999969482422,31.479999542236328
2026-02-04,10.6675,11.1525,10.595,10.9225,292.1000061035156,303.6000061035156,288.29998779296875,296.20001220703125,31.649999618530277,31.746000289916992,31.51799964904785,31.649999618530277
2026-02-05,10.9025,11.1325,10.8675,11.1225,296.5,305.5,295.5,303.20001220703125,31.71999931335449,31.8799991607666,31.667999267578125,31.71999931335449
2026-02-06,11.085,11.3775,11.02,11.1525,302.5,309.3999938964844,299.6000061035156,303.6000061035156,31.84000015258789,31.8799991607666,31.5,31.82999992370605
2026-02-09,11.1225,11.1625,11.06,11.1075,301.5,302.29998779296875,296.8999938964844,297.79998779296875,31.51000022888184,31.51000022888184,31.075000762939453,31.51000022888184
2026-02-10,11.1,11.24,11.0625,11.225,297.6000061035156,303.20001220703125,296.70001220703125,300.79998779296875,31.15999984741211,31.26799964904785,31.059999465942383,31.170000076293945
2026-02-11,11.225,11.2825,11.13,11.24,300.6000061035156,304.5,298.5,303.0,31.229999542236328,31.26000022888184,30.989999771118164,31.229999542236328
2026-02-12,11.295,11.415,11.285,11.3725,302.8999938964844,309.79998779296875,302.8999938964844,307.8999938964844,31.07999992370605,31.114999771118164,30.920000076293945,31.06999969482422
2026-02-13,11.36,11.395,11.22,11.33,307.8999938964844,310.70001220703125,304.20001220703125,309.20001220703125,31.06999969482422,31.165000915527344,31.011999130249023,31.07999992370605
2026-02-17,11.3225,11.3925,11.2575,11.34,308.0,308.6000061035156,304.70001220703125,305.79998779296875,31.11000061035156,31.3799991607666,31.100000381469727,31.11000061035156
2026-02-18,11.35,11.44,11.2775,11.335,306.0,308.5,303.1000061035156,303.8999938964844,31.299999237060547,31.309999465942383,31.13999938964844,31.309999465942383
2026-02-19,11.3225,11.42,11.2925,11.41,304.0,306.0,302.3999938964844,304.79998779296875,31.239999771118164,31.28499984741211,31.100000381469727,31.25
2026-02-20,11.41,11.4825,11.215,11.375,305.29998779296875,312.5,304.6000061035156,309.79998779296875,31.170000076293945,31.239999771118164,31.100000381469727,31.15999984741211
2026-02-23,11.34,11.485,11.275,11.3425,308.6000061035156,312.3999938964844,304.29998779296875,308.70001220703125,31.01000022888184,31.059999465942383,30.950000762939453,31.093000411987305
2026-02-24,11.345,11.415,11.28,11.395,308.70001220703125,312.0,306.1000061035156,310.70001220703125,30.96999931335449,31.1299991607666,30.959999084472656,30.96999931335449
2026-02-25,11.3875,11.5,11.3225,11.4825,311.0,319.29998779296875,310.8999938964844,318.29998779296875,31.07999992370605,31.11400032043457,30.950000762939453,31.07999992370605
2026-02-26,11.4775,11.56,11.2925,11.4775,319.20001220703125,322.3999938964844,314.79998779296875,317.6000061035156,31.049999237060547,31.15999984741211,31.01000022888184,31.049999237060547
2026-02-27,11.475,11.61,11.46,11.5725,318.70001220703125,318.79998779296875,314.5,315.5,31.06999969482422,31.13999938964844,30.989999771118164,31.07999992370605
2026-03-02,11.65,11.6975,11.465,11.5,314.3999938964844,314.3999938964844,307.8999938964844,308.29998779296875,31.209999084472656,31.53700065612793,31.11000061035156,31.13500022888184
2026-03-03,11.53,11.6925,11.495,11.5575,308.29998779296875,311.5,307.0,310.5,31.34000015258789,31.934999465942383,31.32999992370605,31.32999992370605
2026-03-04,11.575,11.59,11.52,11.545,311.5,311.8999938964844,305.79998779296875,306.1000061035156,31.57999992370605,31.770000457763672,31.302000045776367,31.559999465942383
2026-03-05,11.595,11.6525,11.535,11.6375,306.8999938964844,306.8999938964844,304.20001220703125,305.6000061035156,31.57999992370605,31.82099914550781,31.452999114990234,31.57999992370605
2026-03-06,11.7,11.85,11.7,11.85,308.3999938964844,313.20001220703125,307.8999938964844,313.1000061035156,31.770000457763672,31.9950008392334,31.65999984741211,31.75
2026-03-09,11.955,12.1475,11.7875,11.805,311.70001220703125,316.3999938964844,308.79998779296875,308.79998779296875,32.099998474121094,32.180999755859375,31.95199966430664,31.63500022888184
2026-03-10,11.8,11.9125,11.7475,11.8725,312.29998779296875,312.29998779296875,311.6000061035156,311.79998779296875,31.75,31.802000045776367,31.44099998474121,31.739999771118164
2026-03-11,12.0275,12.1175,12.005,12.005,311.6000061035156,316.3999938964844,310.1000061035156,316.3999938964844,31.57999992370605,31.815000534057617,31.483999252319336,31.56999969482422
2026-03-12,12.1575,12.2325,12.13,12.13,320.1000061035156,320.1000061035156,319.8999938964844,319.8999938964844,31.950000762939453,32.16999816894531,31.739999771118164,31.940000534057617
2026-03-13,12.0025,12.11,12.0025,12.11,319.8999938964844,319.8999938964844,319.8999938964844,319.8999938964844,32.150001525878906,32.38999938964844,32.08000183105469,32.150001525878906
2026-03-16,12.14,12.14,11.5525,11.5525,319.0,319.79998779296875,311.20001220703125,312.20001220703125,32.349998474121094,32.54199981689453,32.233001708984375,32.303001403808594
2026-03-17,11.47,11.705,11.4525,11.57,312.20001220703125,315.0,307.6000061035156,311.70001220703125,32.349998474121094,32.53300094604492,32.2599983215332,32.349998474121094
2026-03-18,11.5625,11.6525,11.48,11.6175,312.3999938964844,322.29998779296875,311.0,321.70001220703125,32.33000183105469,32.69200134277344,32.25,32.31999969482422
2026-03-19,11.65,11.735,11.57,11.685,321.70001220703125,335.5,321.6000061035156,332.5,32.810001373291016,32.91999816894531,32.68000030517578,32.79999923706055
2026-03-20,11.66,11.76,11.595,11.6125,331.70001220703125,335.1000061035156,324.1000061035156,328.0,32.5,32.89400100708008,32.47999954223633,32.5
2026-03-23,11.6,11.715,11.525,11.635,327.6000061035156,332.3999938964844,324.8999938964844,326.6000061035156,32.869998931884766,33.05699920654297,32.07600021362305,32.882999420166016
2026-03-24,11.6425,11.6675,11.5375,11.55,326.70001220703125,327.5,321.3999938964844,322.3999938964844,32.400001525878906,32.7400016784668,32.36000061035156,32.40999984741211
2026-03-25,11.535,11.7675,11.515,11.7175,322.3999938964844,324.3999938964844,318.1000061035156,319.79998779296875,32.47999954223633,32.777000427246094,32.41999816894531,32.470001220703125
2026-03-26,11.73,11.7975,11.67,11.7375,319.0,323.20001220703125,316.3999938964844,322.1000061035156,32.77000045776367,32.91699981689453,32.720001220703125,32.77000045776367
2026-03-27,11.72,11.7875,11.5575,11.5925,321.70001220703125,323.5,314.70001220703125,315.29998779296875,32.95000076293945,33.0099983215332,32.70100021362305,32.959999084472656
2026-03-30,11.65,11.7,11.5825,11.5975,315.29998779296875,316.6000061035156,312.29998779296875,314.8999938964844,32.95000076293945,33.0,32.70000076293945,32.959999084472656
2026-03-31,11.59,11.7775,11.56,11.71,315.1000061035156,318.0,313.5,316.3999938964844,32.849998474121094,32.97999954223633,32.62900161743164,32.849998474121094
2026-04-01,11.715,11.7475,11.53,11.685,317.0,319.0,312.5,318.20001220703125,32.529998779296875,32.74399948120117,32.46099853515625,32.5099983215332
2026-04-02,11.6725,11.7425,11.62,11.635,318.20001220703125,318.79998779296875,313.8999938964844,315.20001220703125,32.599998474121094,32.801998138427734,32.507999420166016,32.599998474121094
2026-04-06,11.645,11.6975,11.5875,11.6675,315.8999938964844,319.1000061035156,314.3999938964844,316.6000061035156,32.689998626708984,32.709999084472656,32.40599822998047,32.689998626708984
2026-04-07,11.6475,11.705,11.5525,11.5825,316.6000061035156,317.3999938964844,311.3999938964844,311.79998779296875,32.599998474121094,32.694000244140625,32.470001220703125,32.58000183105469
2026-04-08,11.52,11.63,11.405,11.62,312.5,315.20001220703125,311.70001220703125,314.1000061035156,32.08000183105469,32.16999816894531,31.864999771118164,32.06999969482422
2026-04-09,11.62,11.705,11.5975,11.6525,313.5,318.8999938964844,312.0,317.6000061035156,32.08000183105469,32.15999984741211,31.965999603271484,32.06999969482422
2026-04-10,11.665,11.7925,11.645,11.7575,318.0,334.70001220703125,317.70001220703125,331.79998779296875,32.06999969482422,32.207000732421875,31.996000289916992,32.04999923706055
2026-04-13,11.77,11.8375,11.6,11.6225,328.79998779296875,336.29998779296875,327.0,331.8999938964844,32.31999969482422,32.34000015258789,32.112998962402344,32.31999969482422
2026-04-14,11.605,11.685,11.56,11.58,332.3999938964844,339.6000061035156,329.1000061035156,329.70001220703125,32.02000045776367,32.090999603271484,31.94499969482422,32.0099983215332
2026-04-15,11.5675,11.71,11.5675,11.67,329.70001220703125,335.29998779296875,328.6000061035156,334.3999938964844,31.979999542236328,32.165000915527344,31.920000076293945,31.979999542236328
2026-04-16,11.6575,11.7,11.6225,11.6375,334.29998779296875,335.0,331.0,332.70001220703125,32.0099983215332,32.029998779296875,31.857999801635746,31.989999771118164
2026-04-17,11.6275,11.675,11.515,11.6725,332.70001220703125,334.5,330.1000061035156,331.79998779296875,32.040000915527344,32.150001525878906,31.724000930786133,32.040000915527344
2026-04-20,11.6725,11.7175,11.61,11.6575,331.79998779296875,332.6000061035156,324.1000061035156,325.1000061035156,32.130001068115234,32.13999938964844,31.972999572753903,32.130001068115234
2026-04-21,11.655,11.785,11.65,11.745,325.1000061035156,326.8999938964844,323.1000061035156,325.29998779296875,32.02000045776367,32.19499969482422,31.989999771118164,32.0
2026-04-22,11.75,11.8475,11.6275,11.645,325.29998779296875,328.20001220703125,320.0,320.6000061035156,32.16999816894531,32.27000045776367,32.08000183105469,32.18000030517578
2026-04-23,11.65,11.685,11.575,11.5975,322.29998779296875,323.8999938964844,320.1000061035156,320.6000061035156,32.25,32.47999954223633,32.22999954223633,32.25
2026-04-24,11.6025,11.6425,11.5675,11.6375,321.20001220703125,324.70001220703125,320.79998779296875,324.29998779296875,32.470001220703125,32.512001037597656,32.30500030517578,32.47999954223633
2026-04-27,11.62,11.7975,11.62,11.7725,324.0,334.8999938964844,323.5,333.79998779296875,32.40999984741211,32.41999816894531,32.27000045776367,32.41999816894531
2026-04-28,11.7575,11.7775,11.67,11.73,333.79998779296875,336.8999938964844,331.3999938964844,333.3999938964844,32.36000061035156,32.566001892089844,32.33000183105469,32.349998474121094
2026-04-29,11.7325,11.8375,11.71,11.8225,333.5,336.70001220703125,326.1000061035156,328.0,32.47999954223633,32.7760009765625,32.459999084472656,32.4900016784668
2026-04-30,11.825,11.9,11.755,11.82,329.1000061035156,329.1000061035156,321.1000061035156,322.29998779296875,32.75,32.84000015258789,32.48400115966797,32.75
2026-05-01,11.7975,11.88,11.7875,11.8775,322.29998779296875,324.0,320.0,320.79998779296875,32.4900016784668,32.61000061035156,32.310001373291016,32.5
2026-05-04,11.9275,12.1075,11.9275,12.075,320.79998779296875,323.79998779296875,319.20001220703125,320.70001220703125,32.5,32.75600051879883,32.400001525878906,32.47999954223633
2026-05-05,12.1525,12.1525,11.945,11.9575,319.6000061035156,322.8999938964844,319.6000061035156,322.6000061035156,32.72999954223633,32.79999923706055,32.5,32.72999954223633
2026-05-06,11.9625,11.9625,11.75,11.79,323.8999938964844,325.20001220703125,319.79998779296875,319.79998779296875,32.41999816894531,32.52000045776367,32.02399826049805,32.43000030517578
2026-05-07,11.76,11.785,11.675,11.77,321.8999938964844,323.5,319.79998779296875,321.29998779296875,32.2400016784668,32.34400177001953,32.047000885009766,32.22999954223633
2026-05-08,11.8025,11.945,11.8025,11.9425,321.20001220703125,323.5,321.0,322.5,32.27000045776367,32.310001373291016,32.14899826049805,32.25
2026-05-11,11.97,12.0925,11.97,11.9975,326.0,328.79998779296875,326.0,327.8999938964844,32.279998779296875,32.47600173950195,32.22700119018555,32.27000045776367
2026-05-12,12.04,12.135,12.03,12.135,333.70001220703125,335.6000061035156,332.8999938964844,332.8999938964844,32.2599983215332,32.470001220703125,32.2599983215332,32.27000045776367
2026-05-13,12.1375,12.22,12.095,12.1525,335.0,342.70001220703125,335.0,342.70001220703125,32.305999755859375,32.4010009765625,32.29499816894531,32.36000061035156
2026-05-14,12.1025,12.1025,11.745,11.745,342.70001220703125,342.70001220703125,342.70001220703125,342.70001220703125,32.27199935913086,32.37200164794922,32.27199935913086,32.270999908447266
2026-05-15,11.9375,12.02,11.7225,11.77,332.5,342.5,328.70001220703125,334.29998779296875,32.45000076293945,32.685001373291016,32.41299819946289,32.40700149536133
2026-05-18,12.0225,12.185,11.91,12.13,337.6000061035156,340.6000061035156,334.20001220703125,334.5,32.68000030517578,32.77799987792969,32.470001220703125,32.68000030517578
2026-05-19,12.13,12.2075,12.08,12.095,334.5,338.20001220703125,330.70001220703125,332.29998779296875,32.472999572753906,32.750999450683594,32.472999572753906,32.47800064086914
2026-05-20,12.1,12.12,11.96,11.9975,332.5,334.20001220703125,328.79998779296875,330.8999938964844,32.6619987487793,32.76499938964844,32.44300079345703,32.65800094604492
2026-05-21,11.99,12.04,11.91,11.9425,330.8999938964844,331.20001220703125,327.20001220703125,328.3999938964844,32.51499938964844,32.720001220703125,32.51100158691406,32.52299880981445
2026-05-22,11.9375,12.015,11.905,11.965,327.70001220703125,333.29998779296875,326.20001220703125,331.8999938964844,32.55699920654297,32.69200134277344,32.55699920654297,32.56999969482422
2026-05-26,11.92,11.935,11.845,11.86,331.8999938964844,331.8999938964844,328.1000061035156,328.6000061035156,32.49700164794922,32.66999816894531,32.4900016784668,32.5
2026-05-27,11.855,11.9125,11.7975,11.8525,328.79998779296875,332.5,327.6000061035156,330.6000061035156,32.619998931884766,32.641998291015625,32.529998779296875,32.62900161743164
2026-05-28,11.86,11.96,11.85,11.945,330.8999938964844,335.1000061035156,330.70001220703125,334.1000061035156,32.650001525878906,32.73699951171875,32.5369987487793,32.650001525878906
2026-05-29,11.98,12.0075,11.8275,11.8675,334.5,335.1000061035156,329.20001220703125,329.79998779296875,32.54999923706055,32.61399841308594,32.42599868774414,32.540000915527344
2026-06-01,11.8675,11.945,11.7775,11.8075,329.8999938964844,331.79998779296875,325.6000061035156,326.5,32.58000183105469,32.69599914550781,32.50600051879883,32.58000183105469
2026-06-02,11.815,11.8275,11.63,11.6525,326.5,328.0,323.8999938964844,326.20001220703125,32.55699920654297,32.64799880981445,32.5,32.55699920654297
2026-06-03,11.675,11.7275,11.525,11.54,326.3999938964844,328.3999938964844,320.3999938964844,320.79998779296875,32.68000030517578,32.78200149536133,32.624000549316406,32.689998626708984
2026-06-04,11.5325,11.5525,11.205,11.295,320.79998779296875,321.5,310.79998779296875,313.70001220703125,32.645999908447266,32.72200012207031,32.564998626708984,32.645999908447266
2026-06-05,11.3025,11.3225,11.175,11.215,313.20001220703125,315.0,307.70001220703125,308.5,32.68000030517578,32.810001373291016,32.45000076293945,32.62300109863281
